T,RH,cluster
13.6,48.9,1
13.3,47.7,1
11.9,54.0,1
11.0,60.0,2
11.2,59.6,2
11.2,59.2,2
11.3,56.8,2
10.7,60.0,2
10.7,59.7,2
10.3,60.2,2
11.0,56.2,2
10.5,58.1,2
10.2,59.6,2
10.8,57.4,2
10.5,60.6,2
10.8,58.4,2
10.5,57.9,2
9.5,66.8,2
8.3,76.4,2
8.0,81.1,2
8.3,79.8,2
9.7,71.2,2
9.8,67.6,2
10.3,64.2,2
9.7,69.3,2
9.6,67.8,2
9.1,64.0,2
8.2,63.4,2
8.2,60.8,2
8.3,58.5,2
7.7,59.7,2
7.1,61.8,2
7.0,62.3,2
6.3,65.0,2
6.8,62.9,2
6.4,65.1,2
7.3,63.1,2
13.2,41.7,1
14.3,38.4,1
15.0,36.5,1
16.1,34.5,1
16.3,35.7,1
15.8,37.0,1
15.9,37.2,1
16.9,34.3,1
15.1,39.6,1
14.4,43.4,1
12.9,50.5,1
12.1,53.3,1
11.0,59.1,2
9.7,64.6,2
9.5,64.1,2
9.1,63.9,2
8.8,63.9,2
7.8,67.5,2
8.3,63.6,2
7.2,67.5,2
6.3,71.9,2
6.5,71.6,2
9.6,59.7,2
12.4,51.2,1
15.6,42.2,1
18.4,33.8,1
19.4,31.3,0
18.0,34.8,1
18.4,33.6,1
17.6,35.1,1
16.7,37.8,1
16.1,41.0,1
15.8,42.4,1
15.7,44.1,1
15.3,46.8,1
14.6,48.6,1
14.7,49.3,1
13.9,53.6,1
14.6,51.5,1
12.5,58.9,2
11.6,63.4,2
11.5,63.1,2
11.6,62.2,2
10.4,67.6,2
11.6,62.7,2
12.4,60.0,2
14.5,53.1,1
16.9,46.1,1
19.3,38.3,1
21.2,31.4,0
21.4,30.2,0
21.9,29.0,0
22.2,28.4,0
21.3,30.8,0
19.7,36.7,1
18.4,41.7,1
17.6,46.1,1
16.7,49.6,1
16.3,51.0,1
14.7,55.9,1
14.8,54.7,1
14.0,57.0,2
13.4,61.3,2
12.6,63.5,2
11.9,67.4,2
11.4,70.5,2
11.3,70.2,2
12.4,63.9,2
14.8,54.3,1
17.4,45.6,1
19.8,38.5,1
22.0,34.1,0
23.3,32.2,0
23.9,30.0,0
24.4,28.9,0
24.4,29.4,0
23.8,31.3,0
22.5,35.4,1
20.4,42.5,1
18.3,52.6,1
16.7,57.4,2
15.7,60.2,2
15.3,61.4,2
14.1,65.7,2
14.8,60.6,2
14.8,59.2,2
13.6,62.1,2
12.8,63.2,2
11.2,68.5,2
11.0,66.5,2
11.7,63.7,2
13.6,56.3,1
17.8,42.9,1
21.4,33.3,0
24.4,27.4,0
25.3,26.1,0
25.8,23.2,0
27.0,20.2,0
28.2,18.6,0
28.0,19.1,0
23.9,25.7,0
21.3,34.8,0
20.4,36.7,1
19.0,41.3,1
17.9,45.9,1
16.7,48.9,1
15.5,52.9,1
15.5,51.9,1
14.1,55.6,1
13.1,57.9,2
11.8,58.0,2
11.9,57.4,2
9.9,65.2,2
11.1,60.2,2
14.1,50.0,1
17.7,40.1,1
21.1,33.4,0
24.3,28.3,0
25.6,25.6,0
25.9,25.9,0
26.8,18.7,0
29.3,15.8,0
28.5,14.9,0
25.9,16.0,0
23.1,26.5,0
20.5,38.2,1
19.1,42.6,1
17.2,44.1,1
16.0,50.9,1
14.8,53.9,1
14.3,55.4,1
14.8,52.1,1
13.9,53.9,1
12.0,58.9,2
10.9,62.1,2
10.6,63.3,2
11.5,60.0,2
14.3,50.6,1
17.8,40.5,1
20.8,34.4,0
23.8,28.2,0
24.2,28.7,0
25.2,24.9,0
27.0,17.8,0
27.1,23.1,0
25.8,23.9,0
23.0,26.8,0
20.7,31.1,0
18.6,36.2,1
16.0,48.4,1
14.5,57.8,2
13.1,64.2,2
12.0,69.7,2
11.9,71.1,2
12.5,69.3,2
12.5,67.5,2
12.5,66.8,2
12.3,66.3,2
12.4,64.9,2
13.0,61.6,2
13.6,58.8,2
13.9,57.1,2
14.5,54.4,1
15.5,50.1,1
16.1,47.6,1
16.3,47.1,1
16.4,47.5,1
16.1,50.2,1
16.0,50.7,1
15.8,50.3,1
15.5,50.6,1
15.4,51.4,1
15.2,53.1,1
14.7,57.6,2
14.2,58.3,2
13.8,57.9,2
13.9,55.9,1
13.9,55.6,1
13.8,55.1,1
13.6,55.1,1
13.6,59.0,2
13.5,58.4,2
13.8,58.0,2
14.6,53.1,1
15.0,52.3,1
15.4,52.1,1
16.3,50.0,1
17.1,47.9,1
19.0,42.9,1
19.5,42.3,1
19.5,42.3,1
19.1,43.8,1
18.5,46.3,1
17.4,51.6,1
17.1,51.3,1
16.4,53.8,1
16.2,55.4,1
15.9,57.7,2
15.7,58.6,2
15.1,60.9,2
15.6,56.6,1
15.2,57.9,2
14.9,60.6,2
14.5,63.0,2
14.2,66.2,2
14.5,65.3,2
15.3,62.1,2
16.3,59.0,2
18.9,49.6,1
19.4,46.1,1
20.8,41.6,1
21.4,40.3,1
21.2,39.3,1
20.3,38.0,1
19.4,41.3,1
18.5,43.8,1
17.8,48.1,1
17.9,46.9,1
17.4,49.1,1
17.0,51.7,1
16.4,55.1,1
16.1,60.0,2
15.8,60.5,2
16.3,57.0,2
16.9,53.9,1
16.5,53.9,1
16.4,54.0,1
15.7,57.6,2
15.8,53.7,1
17.4,42.1,1
17.9,38.4,1
18.5,36.7,1
21.0,29.6,0
21.3,28.1,0
21.3,26.1,0
21.3,26.8,0
21.3,24.2,0
20.2,28.5,0
17.0,43.1,1
15.6,47.4,1
15.3,47.4,1
14.5,49.7,1
13.9,52.0,1
14.5,49.4,1
13.8,51.4,1
14.0,51.3,1
13.0,56.8,2
11.0,70.0,2
8.8,80.5,2
9.6,75.4,2
9.8,75.0,2
10.0,74.2,2
11.2,69.7,2
12.0,62.9,2
12.8,55.8,1
13.1,54.8,1
13.8,53.4,1
16.0,42.4,1
14.1,49.8,1
12.0,61.1,2
13.6,54.6,1
13.7,49.5,1
11.7,57.1,2
11.5,58.2,2
12.6,54.2,1
12.0,54.9,1
11.0,61.4,2
11.1,62.2,2
10.8,62.5,2
11.3,60.0,2
10.6,61.6,2
10.9,58.6,2
10.8,57.2,2
10.4,59.2,2
11.0,57.3,2
11.2,56.9,2
12.1,54.9,1
15.1,44.3,1
15.6,40.6,1
16.9,34.6,1
16.6,35.6,1
9.6,81.1,2
11.7,69.1,2
10.7,68.5,2
10.7,67.3,2
10.8,65.7,2
10.3,66.3,2
10.1,66.9,2
10.4,61.1,2
10.3,59.9,2
11.0,58.4,2
9.1,68.1,2
9.5,68.2,2
9.3,72.3,2
9.9,66.8,2
7.6,83.2,2
8.1,79.0,2
8.7,74.6,2
8.6,75.1,2
9.7,69.7,2
11.0,64.4,2
13.6,53.0,1
14.2,48.4,1
14.2,46.3,1
16.0,41.3,1
17.7,35.4,1
17.1,37.4,1
14.9,40.5,1
13.4,47.8,1
12.6,52.5,1
12.2,53.2,1
10.6,56.1,2
9.9,59.5,2
9.6,61.1,2
9.7,61.6,2
9.4,62.6,2
8.2,68.5,2
8.0,69.4,2
7.7,72.4,2
8.0,71.8,2
8.5,66.3,2
9.8,59.6,2
11.2,57.0,2
14.8,44.1,1
16.8,35.3,1
19.2,27.1,0
19.1,26.2,0
16.3,30.8,0
14.2,36.8,1
13.4,41.0,1
14.2,43.3,1
12.1,45.6,1
10.4,48.0,1
10.0,51.1,1
9.8,50.8,1
9.7,50.4,1
9.9,50.2,1
9.4,53.4,1
8.6,57.8,2
8.1,62.1,2
7.9,63.5,2
8.2,58.9,2
6.3,66.6,2
7.2,62.9,2
7.2,63.9,2
11.1,50.5,1
15.5,36.1,1
17.8,29.2,0
17.6,30.1,0
19.1,26.8,0
17.7,28.6,0
17.8,28.4,0
18.7,26.0,0
17.1,31.3,0
15.8,36.1,1
14.7,40.1,1
13.6,44.9,1
12.5,48.1,1
11.8,50.8,1
10.9,56.1,2
10.9,55.9,2
10.3,58.1,2
9.3,62.2,2
8.2,66.7,2
8.3,64.9,2
9.6,58.5,2
7.7,66.4,2
7.4,68.0,2
9.7,58.6,2
12.5,50.1,1
16.8,36.9,1
19.2,31.3,0
21.3,26.4,0
21.2,23.1,0
18.6,25.0,0
18.0,27.3,0
18.2,28.3,0
17.0,31.4,0
15.6,35.0,1
14.1,40.2,1
13.4,43.2,1
12.3,46.8,1
11.9,46.5,1
11.5,46.6,1
10.6,48.0,1
10.7,45.8,1
10.4,46.6,1
10.1,47.8,1
11.3,46.9,1
10.1,51.2,1
9.9,50.7,1
8.1,56.8,2
10.9,44.1,1
11.8,37.6,1
13.9,33.2,1
15.6,30.1,0
16.5,29.0,0
17.5,27.9,0
17.9,26.8,0
18.2,26.1,0
18.0,27.1,0
17.0,28.9,0
16.1,31.3,0
14.5,35.4,1
13.2,37.9,1
13.1,34.4,1
13.5,28.5,0
12.4,31.9,1
13.1,26.8,0
11.6,33.6,1
10.5,42.9,1
11.7,38.7,1
12.9,33.9,1
11.3,40.3,1
11.9,38.4,1
13.3,35.6,1
16.3,28.8,0
17.9,28.2,0
18.3,26.6,0
20.8,22.5,0
22.4,20.0,0
20.9,21.7,0
19.1,26.5,0
18.1,30.6,0
17.3,34.7,1
15.8,40.4,1
15.9,42.0,1
15.9,43.5,1
15.0,46.1,1
15.1,44.6,1
14.9,43.5,1
14.8,41.0,1
14.8,40.8,1
14.8,40.8,1
14.2,36.1,1
14.5,36.1,1
14.6,36.0,1
14.4,38.5,1
13.8,58.2,2
13.2,61.1,2
10.4,74.4,2
11.5,71.0,2
12.2,70.0,2
12.3,73.3,2
11.3,78.1,2
13.6,69.2,2
14.9,59.3,2
15.7,50.9,1
15.2,52.9,1
15.5,50.8,1
14.3,52.9,1
13.2,56.0,1
12.6,57.0,2
12.3,57.8,2
12.0,58.4,2
12.0,61.6,2
11.5,63.9,2
10.7,67.2,2
9.0,73.1,2
10.2,66.6,2
11.0,63.7,2
9.6,68.8,2
9.5,69.6,2
11.9,60.9,2
16.2,48.6,1
19.2,39.6,1
19.7,38.4,1
20.6,36.7,1
21.8,33.9,0
23.6,27.5,0
22.8,32.1,0
20.8,36.7,1
18.3,40.9,1
16.8,44.0,1
15.8,48.0,1
14.9,52.0,1
14.1,54.4,1
13.3,58.8,2
13.3,60.9,2
11.8,64.3,2
11.3,72.9,2
11.4,71.8,2
11.9,73.7,2
12.6,70.2,2
13.6,65.3,2
16.9,52.3,1
19.4,44.1,1
22.9,33.8,0
23.6,31.3,0
24.7,30.5,0
26.1,27.3,0
27.6,22.8,0
26.9,22.3,0
24.3,30.1,0
21.2,40.1,1
19.4,42.5,1
18.5,43.0,1
17.8,47.0,1
16.8,53.2,1
17.1,51.8,1
16.2,54.2,1
15.1,58.2,2
15.1,57.6,2
14.5,58.0,2
13.7,61.6,2
13.9,59.6,2
13.3,61.7,2
15.1,55.8,1
17.0,50.5,1
15.6,57.4,2
16.6,55.2,1
17.0,54.3,1
18.0,51.5,1
19.5,47.5,1
21.6,41.7,1
22.2,38.3,1
20.3,42.8,1
19.7,45.4,1
18.8,47.5,1
17.9,49.4,1
17.5,50.9,1
17.4,51.8,1
17.0,53.9,1
16.6,55.4,1
15.9,57.0,2
15.0,59.2,2
14.5,61.4,2
14.1,61.6,2
14.6,58.8,2
14.4,58.9,2
15.3,55.2,1
16.2,52.5,1
18.4,46.3,1
19.6,41.8,1
20.2,40.1,1
20.9,36.6,1
20.4,34.7,1
19.3,35.4,1
18.6,36.9,1
18.8,36.8,1
17.5,40.6,1
16.8,44.3,1
16.3,47.7,1
15.6,50.7,1
15.7,49.4,1
15.8,48.6,1
15.7,47.0,1
15.7,45.9,1
15.6,44.9,1
15.6,44.4,1
16.1,42.4,1
15.7,45.4,1
15.3,50.1,1
14.2,58.6,2
14.3,58.2,2
15.0,52.0,1
13.6,61.4,2
16.1,53.1,1
16.6,44.3,1
17.4,40.3,1
18.1,42.2,1
14.4,51.8,1
10.9,76.4,2
16.4,47.7,1
18.0,37.1,1
14.7,48.7,1
11.3,71.3,2
10.0,74.0,2
9.8,71.8,2
9.3,75.2,2
9.6,76.0,2
9.3,75.0,2
9.0,76.7,2
8.2,79.6,2
7.6,80.6,2
8.1,72.1,2
8.1,70.4,2
8.1,70.5,2
9.9,64.3,2
13.0,54.2,1
16.5,42.6,1
19.3,34.2,1
21.5,27.4,0
20.4,26.7,0
20.6,22.6,0
20.6,24.8,0
21.0,25.4,0
21.5,24.5,0
19.3,28.6,0
18.0,32.9,0
15.8,39.8,1
15.3,41.5,1
14.1,46.0,1
12.0,67.9,2
12.0,66.9,2
11.5,70.1,2
11.4,69.8,2
11.1,69.3,2
10.8,70.3,2
10.2,73.4,2
10.8,70.5,2
11.0,71.0,2
12.4,64.0,2
15.0,53.1,1
16.6,44.4,1
18.0,38.4,1
20.6,30.0,0
19.9,26.7,0
19.8,23.1,0
21.4,22.7,0
22.1,21.3,0
21.1,24.5,0
18.3,31.6,0
16.1,35.0,1
14.8,41.5,1
13.2,50.3,1
12.3,55.5,1
11.8,56.6,2
11.2,56.2,2
11.0,56.6,2
9.3,64.3,2
8.8,66.0,2
7.7,70.7,2
7.4,71.0,2
8.2,66.6,2
8.7,64.3,2
13.0,47.9,1
17.4,35.4,1
20.2,29.2,0
22.7,22.9,0
22.3,22.4,0
22.2,18.9,0
22.0,19.0,0
21.0,23.6,0
19.6,27.4,0
17.9,30.8,0
16.4,35.3,1
15.6,37.5,1
15.5,36.7,1
14.5,39.0,1
14.2,38.2,1
13.7,38.3,1
14.1,34.0,1
14.6,34.0,1
14.4,32.8,1
13.9,30.9,0
13.5,37.9,1
13.9,43.6,1
13.5,50.1,1
13.3,53.6,1
13.4,56.0,1
13.0,59.6,2
12.7,62.7,2
12.1,60.5,2
11.2,64.4,2
10.7,67.6,2
11.4,61.2,2
9.9,70.5,2
10.3,65.2,2
11.0,58.9,2
10.6,59.5,2
10.6,57.7,2
10.6,56.1,2
10.3,58.0,2
10.4,58.4,2
10.7,58.2,2
10.5,59.9,2
10.5,60.8,2
10.6,63.1,2
11.1,60.1,2
10.1,68.4,2
10.0,68.7,2
11.0,64.2,2
12.0,58.1,2
12.8,52.0,1
12.6,50.8,1
13.8,47.4,1
15.1,42.7,1
16.3,38.1,1
16.6,36.7,1
15.8,40.5,1
16.3,41.8,1
16.1,42.8,1
15.3,46.8,1
14.7,47.0,1
14.1,49.6,1
13.5,54.1,1
12.3,59.2,2
11.6,62.2,2
11.5,61.4,2
10.9,64.6,2
11.1,63.2,2
10.7,64.4,2
10.2,65.8,2
10.3,65.6,2
10.8,64.0,2
13.3,55.6,1
15.8,46.8,1
19.5,34.4,1
21.1,30.2,0
18.4,34.2,1
13.5,53.4,1
15.0,49.3,1
17.1,42.1,1
18.4,36.9,1
19.3,35.4,1
19.2,35.7,1
21.5,30.4,0
19.6,34.6,1
19.6,35.5,1
18.3,44.1,1
17.4,47.8,1
16.8,49.8,1
16.2,53.2,1
14.9,59.1,2
13.9,64.0,2
13.7,66.8,2
13.4,69.6,2
12.8,71.9,2
12.9,68.5,2
11.9,74.8,2
11.6,76.4,2
11.7,75.3,2
12.8,71.0,2
13.8,61.1,2
15.3,51.4,1
16.6,48.7,1
17.6,46.7,1
19.2,42.7,1
15.7,62.5,2
14.5,75.7,2
14.4,77.4,2
14.6,74.9,2
14.6,76.0,2
14.0,76.3,2
13.9,78.0,2
13.8,78.0,2
13.5,79.4,2
13.1,80.1,2
12.8,81.0,2
12.7,80.6,2
12.5,81.8,2
12.7,81.2,2
14.2,52.2,1
14.3,55.4,1
14.0,58.0,2
15.4,53.3,1
19.1,42.1,1
23.7,31.0,0
26.9,25.7,0
29.7,20.6,0
29.2,21.5,0
29.6,20.1,0
30.0,19.4,0
29.5,20.1,0
27.0,26.8,0
24.9,30.8,0
23.1,36.7,1
21.5,40.8,1
20.5,41.5,1
19.2,44.9,1
18.8,47.7,1
18.2,49.7,1
16.1,57.4,2
16.3,55.3,1
15.7,53.6,1
14.8,57.7,2
14.0,59.7,2
14.6,56.8,2
16.7,51.9,1
20.0,45.0,1
23.9,33.7,0
26.8,29.5,0
27.2,32.4,0
26.9,32.1,0
24.3,41.8,1
25.6,36.0,0
27.0,31.8,0
27.5,31.6,0
24.9,38.1,1
23.4,39.7,1
21.2,50.8,1
15.6,73.5,2
12.9,79.7,2
11.5,76.9,2
12.2,66.8,2
12.4,64.1,2
12.7,58.7,2
12.6,58.6,2
12.5,50.9,1
12.8,49.3,1
13.5,48.6,1
14.4,45.9,1
15.1,43.9,1
16.6,38.6,1
17.2,35.0,1
17.4,33.9,1
17.9,30.7,0
18.3,27.2,0
19.4,25.7,0
20.2,24.1,0
19.6,24.9,0
18.5,27.8,0
17.8,30.3,0
16.6,34.0,1
15.5,37.0,1
14.8,39.5,1
14.5,42.0,1
14.1,44.9,1
14.2,45.5,1
14.1,45.3,1
14.0,44.3,1
13.9,43.9,1
14.0,43.8,1
14.4,43.6,1
15.0,41.7,1
16.3,38.4,1
18.3,32.3,0
18.8,31.7,0
19.6,30.9,0
20.2,30.7,0
19.7,32.5,0
20.7,31.6,0
20.0,32.7,0
18.6,35.4,1
18.3,35.9,1
17.8,37.5,1
17.3,38.8,1
17.3,38.8,1
16.4,40.8,1
16.0,41.4,1
15.4,43.0,1
15.7,42.5,1
15.6,43.4,1
15.2,45.8,1
15.5,47.3,1
14.4,53.1,1
15.9,48.5,1
18.1,40.3,1
19.6,35.9,1
22.8,29.1,0
24.8,25.3,0
27.2,22.0,0
28.2,20.4,0
25.4,24.2,0
25.7,23.8,0
27.2,22.1,0
27.0,22.3,0
24.5,27.8,0
23.7,30.2,0
21.5,34.5,0
19.9,37.8,1
18.9,40.6,1
17.9,43.5,1
17.4,46.3,1
18.1,44.7,1
16.5,50.1,1
14.2,56.9,2
16.3,52.8,1
13.9,60.7,2
15.0,58.3,2
16.1,54.8,1
19.3,46.4,1
24.2,33.8,0
26.7,28.7,0
27.4,28.2,0
28.1,26.9,0
27.7,26.5,0
28.4,23.4,0
28.4,26.0,0
27.3,30.0,0
24.3,37.3,1
23.1,42.2,1
21.8,43.6,1
19.8,46.8,1
19.6,49.8,1
17.9,56.2,1
17.4,55.6,1
16.8,59.5,2
15.9,60.1,2
15.6,61.2,2
13.3,67.0,2
12.9,66.5,2
14.8,61.3,2
16.1,56.5,1
18.6,47.8,1
23.8,30.2,0
25.4,25.0,0
25.6,25.5,0
24.9,29.9,0
22.4,37.9,1
21.7,44.0,1
21.4,44.4,1
20.8,45.3,1
20.2,48.6,1
20.2,50.8,1
18.6,57.6,2
18.2,58.8,2
17.8,61.0,2
17.0,70.7,2
16.2,76.9,2
15.7,78.6,2
15.7,78.4,2
15.7,77.4,2
15.7,74.7,2
15.9,73.1,2
16.6,68.2,2
18.7,57.6,2
17.6,65.0,2
16.3,73.2,2
16.0,78.5,2
17.3,72.4,2
19.4,60.9,2
21.4,50.9,1
22.7,45.8,1
20.9,60.8,2
21.0,54.3,1
20.8,54.4,1
19.8,58.6,2
19.1,61.1,2
18.2,65.4,2
18.1,66.1,2
17.7,66.9,2
17.8,66.8,2
17.3,68.3,2
16.5,70.2,2
15.7,73.1,2
16.7,67.1,2
16.7,66.9,2
16.9,66.5,2
17.7,62.0,2
19.4,54.6,1
21.6,46.1,1
24.6,36.7,1
26.0,31.9,0
25.6,31.5,0
24.8,34.8,0
26.1,30.3,0
25.5,33.5,0
23.7,37.2,1
22.3,38.9,1
20.7,42.8,1
19.0,51.7,1
17.8,55.5,1
17.4,57.6,2
17.6,58.5,2
17.2,59.3,2
17.1,60.4,2
16.4,62.2,2
14.8,67.6,2
14.7,65.2,2
13.1,70.2,2
14.3,66.2,2
16.0,61.6,2
17.7,56.4,1
21.3,44.7,1
23.6,36.4,1
24.3,34.0,0
24.4,32.7,0
24.6,31.7,0
23.9,34.3,0
25.9,28.1,0
24.5,32.3,0
22.6,39.3,1
21.2,47.5,1
19.9,54.9,1
19.4,52.1,1
19.4,42.6,1
19.1,44.1,1
18.0,49.3,1
17.6,54.6,1
16.4,62.1,2
15.6,65.3,2
15.8,64.3,2
16.0,65.8,2
16.8,62.5,2
16.9,66.1,2
17.4,68.9,2
21.4,45.0,1
23.9,30.7,0
26.8,25.2,0
28.4,23.6,0
30.3,20.1,0
30.9,19.7,0
30.2,20.5,0
26.4,34.6,0
24.9,39.4,1
23.5,43.7,1
19.3,63.1,2
18.7,64.6,2
19.5,57.1,1
18.9,62.5,2
18.4,65.8,2
16.4,79.2,2
16.1,80.0,2
15.6,81.0,2
15.7,80.5,2
16.0,80.8,2
16.6,78.0,2
16.1,79.2,2
17.7,70.8,2
20.3,54.8,1
21.2,49.3,1
21.5,47.9,1
21.4,47.7,1
20.4,54.0,1
19.9,57.1,1
19.9,55.2,1
19.5,55.7,1
18.3,62.8,2
17.2,68.3,2
16.1,75.2,2
16.6,70.8,2
18.5,56.0,1
17.3,59.5,2
18.6,52.3,1
19.0,49.8,1
15.7,64.5,2
15.5,66.9,2
14.6,77.1,2
14.5,78.3,2
15.1,76.8,2
16.4,72.4,2
16.3,68.6,2
17.2,62.9,2
17.4,61.1,2
16.8,66.8,2
17.3,62.6,2
17.5,60.8,2
17.5,59.2,2
17.7,56.9,1
17.1,61.5,2
17.5,63.9,2
15.9,70.7,2
15.1,75.1,2
13.9,72.5,2
12.0,79.8,2
12.5,75.8,2
12.0,75.0,2
12.6,72.2,2
12.7,71.6,2
13.2,64.6,2
13.1,65.6,2
14.7,58.5,2
15.9,53.1,1
17.9,46.1,1
20.2,37.7,1
18.5,42.8,1
13.0,64.3,2
15.1,54.5,1
13.6,65.5,2
12.3,78.3,2
12.7,74.2,2
14.4,64.2,2
15.6,58.3,2
15.0,61.4,2
13.7,65.8,2
12.3,66.4,2
15.4,58.8,2
14.1,64.9,2
13.8,64.7,2
13.5,67.8,2
13.7,69.4,2
13.9,67.7,2
14.6,61.1,2
14.3,60.5,2
14.9,56.9,2
16.4,50.2,1
16.0,50.9,1
18.6,42.8,1
19.7,33.7,0
21.2,27.7,0
19.7,28.5,0
19.8,29.7,0
19.2,35.6,1
14.2,60.5,2
12.9,69.1,2
12.7,70.4,2
13.9,62.7,2
13.9,62.9,2
13.4,65.2,2
13.4,64.6,2
13.3,63.6,2
13.3,61.8,2
13.6,59.7,2
14.6,53.3,1
17.8,51.1,1
20.0,45.0,1
20.3,44.1,1
20.7,42.4,1
20.8,40.6,1
21.5,39.7,1
25.0,30.1,0
25.2,29.7,0
23.4,32.0,0
21.0,37.8,1
19.2,45.7,1
17.7,50.9,1
16.8,53.6,1
15.8,56.2,1
16.0,56.5,1
14.2,64.1,2
15.0,59.8,2
14.3,61.9,2
12.8,66.0,2
12.0,68.0,2
11.3,70.4,2
12.7,65.6,2
14.5,59.8,2
17.5,49.8,1
21.9,35.2,1
23.5,29.5,0
24.3,29.8,0
23.8,31.7,0
24.2,31.2,0
26.5,27.2,0
25.7,28.4,0
26.3,27.5,0
24.4,31.6,0
23.1,35.3,0
21.1,40.2,1
19.2,52.3,1
18.1,58.7,2
17.3,58.8,2
16.9,58.8,2
17.6,57.6,2
15.6,63.9,2
14.9,65.7,2
14.0,68.3,2
14.5,65.7,2
15.5,62.2,2
17.0,56.8,1
18.8,52.4,1
19.7,51.9,1
20.9,44.6,1
21.9,43.3,1
20.4,55.7,1
17.4,67.0,2
17.1,64.0,2
17.3,61.1,2
17.7,56.3,1
17.4,48.6,1
17.6,43.7,1
16.7,47.2,1
16.8,45.6,1
16.1,52.0,1
15.5,57.1,2
16.2,50.2,1
16.4,50.5,1
16.2,52.8,1
16.0,53.7,1
16.2,53.7,1
15.9,55.3,1
16.2,55.6,1
16.0,59.3,2
16.6,55.6,1
17.4,51.8,1
17.6,49.7,1
17.2,52.8,1
18.2,49.6,1
19.5,45.0,1
19.5,45.5,1
19.8,44.3,1
20.3,43.1,1
20.3,44.4,1
19.8,47.9,1
19.1,52.3,1
18.2,54.7,1
17.8,55.0,1
17.5,56.4,1
17.3,57.8,2
16.8,57.5,2
16.3,57.0,2
16.2,56.3,1
16.0,58.3,2
17.2,52.3,1
18.5,49.4,1
21.0,37.9,1
22.8,32.4,0
25.5,25.6,0
25.9,23.6,0
27.7,20.8,0
27.1,21.6,0
28.4,20.2,0
28.1,21.9,0
27.6,22.3,0
25.2,24.3,0
24.6,25.1,0
23.1,27.2,0
22.0,28.6,0
20.8,34.5,0
20.4,35.3,1
19.1,38.3,1
18.0,40.5,1
17.4,43.4,1
14.8,50.6,1
15.7,46.9,1
15.3,49.7,1
16.0,47.4,1
17.6,43.3,1
20.3,37.4,1
23.1,30.3,0
25.0,24.2,0
25.6,23.5,0
25.5,22.6,0
26.1,21.1,0
28.2,19.4,0
27.4,20.5,0
26.0,22.7,0
23.8,27.1,0
23.0,28.7,0
21.7,31.8,0
20.9,33.2,0
20.2,34.3,0
19.6,37.0,1
18.1,40.9,1
17.0,43.3,1
16.7,43.4,1
15.9,44.7,1
13.5,50.1,1
14.2,49.9,1
13.8,51.4,1
16.3,45.1,1
19.2,35.4,1
25.5,21.1,0
28.2,19.0,0
29.5,19.8,0
30.6,19.4,0
29.9,22.0,0
31.5,21.9,0
31.2,24.6,0
30.4,26.5,0
26.8,33.5,0
25.5,37.4,1
23.7,39.4,1
22.9,37.0,1
20.8,36.3,1
20.3,28.5,0
19.6,26.5,0
19.1,25.9,0
18.4,27.6,0
17.4,30.2,0
15.8,36.5,1
16.0,38.1,1
17.6,35.0,1
18.5,31.2,0
19.8,28.5,0
22.3,24.1,0
24.2,21.7,0
25.1,20.8,0
25.8,19.5,0
26.3,18.9,0
25.8,18.6,0
25.7,19.4,0
26.7,17.1,0
24.3,19.8,0
23.5,20.8,0
22.0,24.0,0
21.1,26.2,0
20.9,28.8,0
20.2,31.2,0
20.0,31.5,0
20.8,32.3,0
20.0,34.5,1
21.2,32.9,0
17.0,44.6,1
17.1,45.3,1
17.1,46.5,1
18.8,39.7,1
20.3,38.1,1
25.3,27.0,0
27.4,22.8,0
30.0,20.0,0
30.9,19.1,0
30.6,20.2,0
32.2,18.9,0
31.7,19.5,0
30.9,20.5,0
27.5,24.7,0
25.8,27.0,0
23.7,30.0,0
22.2,33.4,0
21.1,36.5,1
20.2,38.6,1
19.3,43.0,1
19.2,43.6,1
18.4,45.7,1
18.7,44.3,1
17.0,49.2,1
16.4,52.1,1
16.4,53.4,1
18.6,46.8,1
21.0,41.1,1
26.4,28.9,0
27.7,26.3,0
30.1,22.1,0
31.0,22.9,0
31.0,22.6,0
31.6,21.0,0
30.4,24.7,0
28.8,26.3,0
26.4,30.1,0
24.7,31.5,0
22.9,36.5,1
20.8,41.8,1
19.7,47.1,1
18.9,52.2,1
18.5,50.1,1
18.0,53.0,1
18.4,51.7,1
19.8,46.2,1
17.3,54.1,1
15.8,59.0,2
16.6,55.9,1
18.7,52.8,1
20.7,46.4,1
26.1,30.0,0
28.6,25.8,0
30.3,23.3,0
31.3,22.3,0
31.1,22.3,0
32.4,20.4,0
32.6,19.3,0
31.2,20.3,0
27.7,24.8,0
25.7,27.9,0
24.1,29.9,0
22.2,34.4,0
20.7,38.0,1
20.2,42.8,1
20.5,42.0,1
20.1,42.0,1
20.0,41.5,1
16.3,51.6,1
16.4,50.2,1
14.9,54.7,1
16.4,51.3,1
18.2,46.2,1
20.7,40.0,1
26.5,27.0,0
28.5,23.8,0
29.7,23.7,0
31.7,21.7,0
31.7,21.5,0
32.8,19.5,0
32.5,18.6,0
30.2,22.6,0
27.6,25.7,0
25.9,24.9,0
23.9,29.4,0
22.3,32.1,0
20.5,35.9,1
19.8,37.2,1
19.1,41.9,1
17.8,46.1,1
17.6,47.6,1
17.9,46.3,1
15.8,53.8,1
16.5,53.5,1
17.2,52.9,1
19.3,48.3,1
20.6,47.1,1
23.7,40.0,1
25.6,32.5,0
27.2,28.1,0
27.9,28.1,0
28.3,27.8,0
29.2,27.0,0
28.9,29.3,0
25.4,39.8,1
25.2,40.1,1
24.5,39.4,1
22.3,45.4,1
21.2,48.3,1
20.6,50.5,1
20.2,52.9,1
19.8,54.5,1
19.5,56.2,1
19.0,58.0,2
18.1,61.6,2
17.7,56.0,1
17.9,52.4,1
18.9,49.3,1
20.0,48.6,1
20.6,41.2,1
23.6,34.0,0
26.7,28.1,0
26.8,28.1,0
27.7,25.8,0
28.8,22.7,0
26.8,27.3,0
25.9,28.7,0
25.8,27.7,0
24.8,29.5,0
25.3,36.3,0
23.9,40.4,1
21.4,46.6,1
20.5,49.3,1
19.2,42.3,1
19.2,37.9,1
17.2,43.1,1
15.8,45.2,1
16.1,36.5,1
16.5,36.2,1
17.5,30.9,0
18.4,24.0,0
19.2,23.8,0
21.7,18.1,0
22.3,17.0,0
22.8,16.1,0
23.8,14.5,0
25.1,13.1,0
25.8,12.9,0
25.5,14.0,0
24.5,15.4,0
22.6,17.2,0
21.2,18.9,0
19.1,22.8,0
18.4,24.6,0
17.3,25.6,0
16.5,24.9,0
16.7,28.3,0
15.5,32.2,0
11.6,40.0,1
13.4,34.5,1
15.2,31.0,0
16.3,27.5,0
19.2,20.0,0
24.9,13.0,0
28.3,9.9,0
29.2,9.8,0
31.6,9.2,0
32.6,9.3,0
20.4,35.7,1
26.1,23.8,0
28.8,21.1,0
29.6,19.4,0
31.6,16.4,0
32.3,13.3,0
31.8,13.5,0
31.8,13.8,0
29.6,18.9,0
28.0,23.2,0
23.6,41.0,1
21.5,48.1,1
22.1,44.1,1
20.2,47.2,1
20.0,47.6,1
19.8,46.8,1
19.6,47.0,1
19.3,46.3,1
18.5,48.7,1
18.0,51.4,1
17.9,50.8,1
17.9,46.1,1
18.4,43.9,1
18.9,42.1,1
19.2,39.7,1
20.8,36.6,1
21.3,35.8,1
21.8,34.9,0
22.8,31.4,0
22.9,31.3,0
22.9,30.7,0
23.8,29.2,0
23.2,30.2,0
22.4,31.3,0
21.7,32.2,0
20.8,33.2,0
20.1,35.0,1
19.5,36.9,1
19.0,38.2,1
18.5,39.4,1
17.8,41.7,1
19.2,42.0,1
17.8,44.8,1
17.2,47.2,1
17.3,47.6,1
18.6,44.2,1
20.2,37.8,1
22.0,31.9,0
25.5,25.9,0
27.5,22.8,0
28.7,20.7,0
29.1,19.6,0
29.8,18.4,0
32.0,15.0,0
30.3,17.0,0
31.7,16.2,0
29.2,19.6,0
27.4,23.8,0
25.0,26.9,0
23.6,30.1,0
22.3,33.6,0
21.4,36.9,1
20.6,39.9,1
19.7,43.2,1
16.6,52.1,1
17.4,50.9,1
19.3,46.0,1
20.9,43.6,1
25.6,33.3,0
28.9,26.0,0
30.3,22.8,0
30.9,24.4,0
30.5,26.2,0
30.7,23.4,0
28.1,29.8,0
26.9,32.2,0
26.0,34.6,0
24.5,37.7,1
21.7,46.9,1
19.3,68.8,2
17.6,81.6,2
17.8,80.3,2
18.6,75.7,2
16.8,81.3,2
17.3,78.6,2
16.9,80.9,2
17.1,79.8,2
18.5,70.3,2
19.6,66.7,2
20.4,63.1,2
21.6,61.8,2
24.0,49.3,1
25.7,43.8,1
24.6,47.5,1
24.8,47.4,1
23.7,50.5,1
23.0,53.8,1
21.5,65.8,2
21.0,66.9,2
20.6,68.1,2
20.5,66.9,2
20.2,65.2,2
19.5,68.0,2
26.2,32.6,0
28.3,27.5,0
26.5,29.7,0
25.7,31.8,0
24.4,35.2,0
23.5,36.9,1
22.4,41.0,1
21.7,44.7,1
21.1,48.1,1
20.7,50.0,1
19.8,53.1,1
19.8,53.6,1
19.6,54.8,1
19.3,57.3,1
19.7,58.4,2
19.8,59.4,2
20.9,54.8,1
22.4,47.9,1
24.1,41.3,1
25.9,36.9,1
30.7,26.0,0
30.3,25.2,0
30.1,25.4,0
27.6,35.1,0
26.6,47.6,1
30.4,31.3,0
27.8,35.0,0
26.6,37.9,1
23.4,44.4,1
23.0,51.1,1
22.1,53.5,1
21.6,53.6,1
21.9,52.7,1
21.3,54.9,1
17.5,79.1,2
17.6,78.6,2
17.1,81.8,2
16.6,80.2,2
16.8,77.4,2
18.3,66.5,2
20.4,55.8,1
21.6,45.3,1
23.1,39.4,1
25.4,31.6,0
26.6,29.0,0
25.9,28.8,0
27.0,28.0,0
23.6,38.1,1
25.9,32.0,0
26.3,31.5,0
23.9,36.8,1
23.7,36.8,1
22.5,37.8,1
21.8,39.2,1
20.9,42.6,1
20.0,45.6,1
19.3,47.9,1
18.7,49.0,1
17.8,54.1,1
18.6,52.7,1
18.2,54.1,1
17.3,57.6,2
19.9,49.4,1
21.7,44.2,1
23.5,40.0,1
28.4,29.7,0
31.6,24.1,0
31.3,24.1,0
34.4,20.4,0
33.7,21.3,0
35.9,18.9,0
34.3,19.4,0
33.5,19.9,0
30.5,24.2,0
30.3,26.2,0
27.0,36.7,0
24.6,41.9,1
23.3,44.5,1
22.4,46.9,1
21.7,50.8,1
21.0,51.9,1
20.5,54.3,1
20.9,52.5,1
21.0,53.1,1
19.6,57.1,1
18.2,62.3,2
19.5,57.7,1
21.6,51.7,1
23.9,44.4,1
28.1,35.2,0
31.4,28.6,0
33.7,25.5,0
35.9,20.8,0
37.5,18.1,0
37.7,17.7,0
37.8,17.4,0
36.6,20.6,0
32.5,26.0,0
30.8,27.2,0
28.8,30.2,0
26.7,35.4,0
25.3,40.7,1
24.9,41.2,1
23.7,45.1,1
22.5,49.0,1
22.3,50.6,1
22.0,50.5,1
20.8,54.4,1
20.3,56.0,1
20.5,54.8,1
21.7,50.6,1
23.4,46.1,1
25.1,43.0,1
30.1,32.8,0
34.7,25.9,0
37.2,23.2,0
39.5,18.3,0
40.6,15.3,0
40.3,16.1,0
40.3,14.2,0
39.6,16.7,0
37.3,23.4,0
33.7,27.7,0
30.7,32.2,0
28.4,35.7,0
26.5,38.6,1
25.4,40.1,1
24.1,43.3,1
23.9,45.6,1
22.0,52.8,1
20.7,56.1,1
19.5,59.4,2
20.0,56.6,1
21.7,53.9,1
23.7,49.0,1
25.9,44.3,1
30.1,34.3,0
33.5,27.2,0
35.4,26.1,0
37.9,23.2,0
39.7,18.7,0
40.4,17.2,0
40.0,18.8,0
38.9,18.8,0
35.8,22.1,0
33.1,25.9,0
30.9,28.2,0
27.5,32.6,0
26.3,34.3,0
25.5,34.1,0
24.7,39.3,1
24.2,39.5,1
24.8,37.8,1
22.7,43.8,1
22.0,44.3,1
19.3,51.4,1
19.8,50.4,1
20.5,48.2,1
22.8,42.7,1
25.6,35.8,0
34.4,21.0,0
35.9,19.6,0
37.2,18.2,0
37.3,16.6,0
37.4,14.9,0
36.4,15.1,0
35.4,14.7,0
34.2,14.2,0
31.1,18.7,0
29.1,22.0,0
27.2,22.5,0
25.3,24.6,0
24.9,27.2,0
23.5,32.2,0
23.5,32.7,0
24.1,32.0,0
22.6,34.8,0
20.8,40.2,1
18.8,46.6,1
19.8,46.0,1
21.3,42.3,1
21.3,41.8,1
24.0,36.6,1
27.2,30.7,0
32.3,23.6,0
31.9,25.8,0
35.1,21.8,0
36.0,20.5,0
37.0,20.1,0
36.4,21.0,0
35.2,22.6,0
32.5,27.6,0
29.1,35.1,0
26.9,39.7,1
26.1,42.2,1
25.5,43.8,1
24.9,45.6,1
25.2,45.2,1
25.4,45.5,1
26.2,43.6,1
24.3,48.2,1
24.4,48.3,1
23.3,51.0,1
21.6,48.1,1
21.4,47.8,1
20.5,46.8,1
20.8,40.7,1
22.3,35.3,1
21.7,38.3,1
24.4,29.6,0
23.4,34.9,0
23.5,35.2,0
22.4,39.0,1
22.0,41.7,1
21.7,42.7,1
20.7,43.4,1
20.3,42.6,1
20.3,44.1,1
20.1,45.2,1
19.8,45.7,1
19.6,45.3,1
19.4,45.9,1
19.7,44.8,1
19.5,46.3,1
19.0,49.0,1
19.1,52.7,1
20.3,49.3,1
21.1,46.2,1
21.5,44.5,1
22.4,43.6,1
24.8,39.1,1
23.9,42.1,1
25.5,38.3,1
25.4,39.2,1
25.6,37.0,1
24.5,38.4,1
23.9,39.9,1
24.2,39.2,1
23.5,41.2,1
22.3,44.9,1
21.7,46.5,1
22.0,44.9,1
22.2,44.1,1
21.8,45.6,1
21.6,46.0,1
21.6,45.8,1
20.7,48.3,1
21.0,47.1,1
20.8,48.5,1
20.8,49.4,1
19.9,51.8,1
20.9,49.3,1
23.7,39.9,1
25.3,35.8,0
28.8,29.1,0
30.3,26.9,0
32.8,23.3,0
33.9,21.4,0
35.3,19.6,0
34.0,20.8,0
35.3,18.8,0
32.6,24.1,0
30.8,28.7,0
28.7,31.2,0
26.8,35.1,0
25.3,39.4,1
23.9,40.9,1
23.0,44.4,1
22.2,53.9,1
20.9,59.8,2
21.3,58.1,1
20.8,58.4,2
20.3,58.9,2
21.3,54.5,1
20.6,57.4,1
21.3,56.9,1
22.9,52.4,1
24.1,46.5,1
27.1,38.8,1
28.4,34.4,0
30.1,30.9,0
32.7,25.8,0
32.4,25.7,0
33.6,24.4,0
33.0,26.0,0
33.2,23.7,0
31.3,25.4,0
28.3,31.7,0
26.5,35.0,0
24.4,40.0,1
23.3,43.4,1
22.5,45.3,1
21.8,47.8,1
20.9,51.0,1
20.8,51.7,1
19.3,57.1,1
20.2,53.8,1
18.3,60.8,2
20.2,54.5,1
21.9,49.9,1
25.2,43.0,1
28.0,36.6,0
27.1,38.3,1
27.4,37.0,0
29.4,32.9,0
31.3,28.7,0
31.5,28.7,0
30.9,30.3,0
31.4,30.3,0
30.7,31.4,0
29.0,33.4,0
27.3,37.5,1
25.8,40.9,1
25.2,43.0,1
24.6,45.8,1
24.0,47.3,1
23.5,48.3,1
24.0,45.8,1
22.2,50.7,1
22.8,48.1,1
21.9,50.1,1
20.4,54.1,1
20.8,52.6,1
22.8,47.9,1
25.2,42.9,1
29.3,34.8,0
33.3,27.8,0
34.9,24.9,0
36.1,22.7,0
37.6,21.1,0
37.3,21.9,0
37.2,21.6,0
35.6,23.4,0
33.1,24.3,0
30.5,29.5,0
28.7,35.8,0
26.6,42.2,1
25.2,46.6,1
24.7,47.7,1
24.4,47.4,1
23.3,49.9,1
23.8,47.3,1
22.9,50.2,1
21.2,55.0,1
21.7,52.6,1
22.8,48.9,1
23.5,47.6,1
24.6,44.9,1
27.0,39.9,1
29.3,35.9,0
31.2,32.4,0
34.4,26.6,0
36.1,22.1,0
18.9,55.2,1
18.2,57.6,2
18.6,56.0,1
20.8,48.0,1
23.3,38.6,1
25.1,32.4,0
27.8,25.8,0
29.6,21.0,0
30.2,18.0,0
30.1,18.5,0
29.5,19.4,0
31.1,18.2,0
30.3,19.0,0
30.1,19.3,0
28.6,22.3,0
26.1,28.3,0
24.5,35.7,0
23.1,41.5,1
21.8,46.3,1
20.9,48.9,1
20.5,49.9,1
20.0,50.9,1
22.1,44.3,1
21.0,47.5,1
19.8,50.3,1
19.0,52.8,1
17.8,56.5,1
18.2,55.8,1
20.6,47.7,1
22.8,41.9,1
27.1,31.7,0
30.4,26.4,0
31.1,26.2,0
31.4,25.3,0
30.8,26.7,0
31.8,25.6,0
33.5,22.9,0
33.1,23.5,0
31.7,25.9,0
29.0,30.4,0
27.4,33.6,0
25.2,36.4,0
24.0,39.6,1
23.8,39.6,1
22.9,43.6,1
22.8,43.9,1
21.8,47.3,1
21.7,47.3,1
21.7,46.8,1
20.3,52.3,1
20.5,52.3,1
21.7,49.6,1
24.0,43.1,1
28.5,31.7,0
32.2,25.1,0
34.9,20.5,0
35.4,19.9,0
34.4,22.5,0
34.8,22.8,0
34.3,22.4,0
32.5,25.3,0
31.3,27.3,0
30.2,29.0,0
28.5,33.3,0
27.3,35.3,0
26.1,37.8,1
24.7,47.1,1
23.6,59.8,2
23.3,60.5,2
23.3,59.4,2
22.9,57.7,1
23.7,53.5,1
21.2,60.9,2
22.1,56.2,1
21.9,57.0,1
24.7,45.9,1
27.0,40.8,1
29.1,37.4,0
31.1,32.4,0
31.9,30.3,0
32.8,28.9,0
33.4,27.8,0
35.3,23.7,0
35.8,22.4,0
35.3,20.8,0
33.3,23.9,0
30.3,30.8,0
28.3,34.5,0
27.1,38.9,1
25.4,43.2,1
24.6,45.3,1
23.7,46.0,1
23.0,48.1,1
24.8,43.4,1
23.1,47.4,1
21.7,50.2,1
21.9,50.7,1
20.1,57.0,1
21.5,51.8,1
22.9,48.7,1
25.7,41.0,1
29.9,33.2,0
32.9,28.0,0
34.0,25.6,0
34.7,22.6,0
35.5,20.3,0
35.9,18.8,0
36.2,18.6,0
35.4,15.3,0
32.9,15.5,0
29.9,19.8,0
28.1,22.4,0
26.1,24.7,0
25.0,28.7,0
24.3,31.0,0
24.0,31.2,0
22.4,34.9,0
21.2,37.6,1
19.5,42.3,1
19.5,42.4,1
18.6,45.8,1
19.7,44.1,1
21.9,39.4,1
24.5,34.3,0
30.0,25.6,0
34.5,18.9,0
36.3,17.5,0
37.7,16.0,0
38.3,15.8,0
38.4,17.5,0
37.2,20.5,0
34.0,26.4,0
32.3,30.4,0
30.5,33.9,0
29.2,37.8,0
28.4,39.1,1
27.7,40.6,1
27.2,42.5,1
26.5,44.8,1
25.5,47.6,1
25.2,47.8,1
23.2,53.7,1
23.2,52.3,1
24.0,50.3,1
23.5,51.2,1
23.5,50.8,1
24.7,47.6,1
27.2,41.1,1
31.0,32.4,0
35.2,24.8,0
37.8,18.5,0
39.0,15.1,0
41.3,12.8,0
41.8,11.9,0
42.2,14.2,0
41.4,15.5,0
38.9,21.4,0
34.3,26.0,0
32.7,27.7,0
30.5,30.4,0
29.0,33.6,0
28.2,36.6,0
27.2,38.9,1
26.7,40.0,1
26.0,41.2,1
22.8,50.1,1
24.0,46.6,1
24.0,46.4,1
23.7,47.1,1
23.6,47.3,1
25.5,43.1,1
28.5,36.8,0
32.6,28.0,0
36.3,23.4,0
37.5,21.5,0
39.6,19.0,0
40.1,19.3,0
40.4,20.0,0
39.9,20.1,0
39.1,19.6,0
37.0,21.9,0
33.9,26.8,0
31.9,30.6,0
29.7,33.9,0
28.6,36.8,0
27.8,38.7,1
27.8,40.0,1
27.5,41.3,1
27.3,41.6,1
26.0,44.2,1
25.9,45.1,1
25.3,47.6,1
24.7,49.5,1
27.1,43.1,1
28.3,39.8,1
32.4,32.3,0
35.4,27.8,0
35.5,27.4,0
37.8,24.4,0
37.2,25.5,0
37.2,25.6,0
38.0,25.0,0
37.1,26.9,0
36.9,27.8,0
34.7,31.9,0
31.9,38.4,0
30.5,42.3,1
29.3,45.8,1
28.2,48.1,1
27.3,51.0,1
26.8,52.4,1
26.0,54.9,1
26.8,51.9,1
26.9,51.8,1
24.6,59.1,2
26.4,53.1,1
27.3,46.4,1
28.4,40.4,1
30.8,37.1,0
34.2,30.7,0
37.0,26.5,0
36.6,27.8,0
36.9,26.9,0
39.3,22.2,0
38.5,22.4,0
39.7,20.4,0
38.8,24.2,0
33.5,38.0,0
34.0,32.9,0
31.9,33.7,0
30.2,37.6,0
28.9,41.0,1
27.8,45.2,1
27.1,47.4,1
26.2,49.4,1
26.9,49.3,1
26.3,50.8,1
24.9,54.6,1
23.4,58.6,1
24.4,55.2,1
25.1,54.3,1
26.6,51.2,1
28.2,47.1,1
31.6,39.4,1
34.2,31.8,0
36.6,27.1,0
37.6,26.9,0
38.1,26.3,0
37.8,26.9,0
37.8,22.7,0
36.9,24.7,0
34.5,28.5,0
32.5,30.9,0
30.9,30.4,0
28.7,34.7,0
27.7,39.3,1
26.8,45.1,1
26.1,45.3,1
25.9,46.1,1
25.3,47.6,1
26.6,43.0,1
25.1,48.0,1
24.8,50.6,1
25.7,49.7,1
27.4,45.5,1
29.3,40.0,1
33.6,28.7,0
34.6,27.7,0
35.6,27.2,0
36.9,23.3,0
38.8,20.7,0
38.1,22.6,0
37.1,23.0,0
34.8,19.3,0
33.6,20.7,0
31.4,18.5,0
29.5,23.8,0
27.4,27.1,0
26.1,31.1,0
25.5,34.0,0
24.0,37.8,1
24.2,37.3,1
23.4,40.6,1
21.8,46.6,1
22.6,43.0,1
20.2,50.7,1
20.5,49.3,1
21.4,48.0,1
23.2,43.9,1
25.3,40.7,1
29.9,31.1,0
33.9,21.3,0
36.3,16.0,0
36.6,15.2,0
37.4,15.8,0
37.9,15.0,0
38.0,16.8,0
36.9,17.5,0
35.3,17.0,0
31.9,20.4,0
29.1,29.6,0
27.4,33.4,0
26.7,35.8,0
25.2,42.7,1
24.0,51.9,1
24.5,44.4,1
22.6,51.0,1
22.2,52.7,1
21.2,56.8,1
20.3,59.6,2
21.3,56.7,1
23.0,54.6,1
23.7,54.3,1
25.4,49.3,1
29.6,37.7,0
33.9,26.2,0
35.8,22.4,0
37.9,18.8,0
38.5,14.8,0
39.3,14.5,0
38.9,15.6,0
37.9,12.7,0
35.8,13.4,0
32.3,19.7,0
30.1,23.5,0
28.2,28.7,0
26.0,35.7,0
25.3,39.2,1
24.7,38.7,1
25.5,35.7,0
22.5,43.2,1
21.6,46.1,1
21.6,45.7,1
21.1,47.3,1
21.6,44.1,1
23.7,37.9,1
26.0,30.1,0
30.6,23.2,0
34.1,19.1,0
36.2,18.0,0
37.4,17.3,0
39.5,15.6,0
40.4,14.9,0
40.1,16.1,0
39.3,18.9,0
37.3,19.9,0
33.6,22.9,0
30.7,28.9,0
28.8,32.8,0
27.3,36.8,0
26.2,39.7,1
25.4,43.0,1
25.8,41.0,1
23.3,48.4,1
23.5,47.8,1
23.5,46.7,1
21.8,52.3,1
21.8,52.5,1
22.9,49.1,1
24.9,43.3,1
26.7,39.4,1
30.5,32.9,0
34.2,27.2,0
38.2,20.9,0
39.6,16.9,0
39.9,15.8,0
40.2,13.9,0
39.6,13.2,0
39.5,12.6,0
37.9,13.9,0
34.2,17.9,0
32.6,20.6,0
30.4,23.2,0
28.8,25.1,0
27.8,29.9,0
26.9,32.6,0
26.3,33.7,0
25.7,33.9,0
24.8,36.0,0
25.5,34.6,0
24.0,37.8,1
23.9,39.3,1
24.8,38.4,1
26.9,34.4,0
29.6,28.7,0
34.6,21.1,0
38.3,17.0,0
40.4,14.5,0
42.6,9.6,0
42.5,10.2,0
41.0,11.6,0
41.3,13.0,0
39.2,14.5,0
36.9,17.9,0
35.6,20.4,0
33.7,22.6,0
31.5,27.8,0
31.1,29.3,0
30.2,30.9,0
29.8,30.2,0
28.4,32.5,0
27.5,34.0,0
26.8,35.3,0
25.6,38.8,1
27.5,34.6,0
25.9,37.4,1
28.5,32.5,0
29.5,32.7,0
29.8,33.1,0
33.4,26.8,0
40.3,15.8,0
41.8,15.0,0
41.1,15.7,0
41.9,14.8,0
40.9,14.6,0
39.1,16.9,0
36.4,27.3,0
34.9,29.3,0
33.6,26.4,0
32.2,27.6,0
30.5,29.7,0
29.4,35.6,0
29.1,34.8,0
27.7,41.9,1
27.9,41.6,1
27.8,43.7,1
27.4,42.2,1
26.6,42.8,1
26.9,40.3,1
27.0,37.3,0
27.0,35.3,0
27.4,32.0,0
30.5,24.7,0
32.9,20.1,0
33.9,18.4,0
34.4,19.3,0
34.2,19.6,0
33.2,20.4,0
32.4,19.1,0
32.2,17.1,0
31.0,17.1,0
28.3,24.9,0
26.6,30.2,0
24.8,36.8,1
23.7,43.4,1
23.0,46.2,1
22.7,47.7,1
22.2,49.5,1
21.6,51.9,1
22.3,50.4,1
22.4,49.7,1
21.7,52.0,1
21.1,53.2,1
22.0,51.0,1
25.0,41.6,1
26.7,36.4,0
29.1,29.7,0
31.2,23.4,0
32.4,20.5,0
33.3,19.2,0
33.1,16.8,0
33.1,18.3,0
32.4,18.0,0
31.8,18.7,0
30.3,21.4,0
27.2,28.2,0
26.1,33.7,0
24.7,38.8,1
23.4,43.2,1
23.1,44.2,1
22.7,45.3,1
21.6,47.5,1
22.0,45.8,1
20.4,51.3,1
20.6,50.3,1
20.6,50.6,1
21.3,48.8,1
20.4,52.6,1
23.5,44.0,1
25.7,37.9,1
27.9,33.6,0
29.0,28.3,0
29.5,25.9,0
31.8,22.3,0
32.2,20.0,0
32.4,19.3,0
33.0,17.7,0
32.0,19.8,0
29.6,24.1,0
26.9,27.1,0
25.3,30.9,0
24.2,35.9,0
23.2,43.2,1
22.7,43.9,1
21.6,44.0,1
20.7,46.4,1
21.2,46.2,1
22.7,42.3,1
20.0,51.8,1
18.5,57.4,1
19.6,54.3,1
21.3,49.7,1
21.7,46.3,1
23.4,39.4,1
25.7,33.0,0
28.5,27.3,0
27.0,27.9,0
24.2,36.9,1
26.0,34.9,0
24.8,33.1,0
24.0,36.3,1
23.6,35.5,0
23.6,35.7,0
23.3,34.5,0
22.5,36.8,1
21.3,38.7,1
20.9,39.4,1
19.8,47.7,1
19.3,51.4,1
18.4,53.4,1
18.8,51.1,1
16.3,59.8,2
16.6,56.8,1
16.2,57.4,2
17.3,54.3,1
19.2,48.8,1
21.7,42.4,1
26.4,29.9,0
31.3,19.1,0
33.7,15.4,0
34.5,13.3,0
33.8,13.9,0
30.1,19.4,0
28.3,21.3,0
31.9,18.3,0
32.0,20.1,0
28.9,24.1,0
27.3,27.1,0
26.0,28.5,0
25.2,28.6,0
24.3,31.1,0
23.6,33.8,0
23.0,33.8,0
22.2,38.4,1
20.4,42.6,1
20.5,42.3,1
18.8,49.0,1
18.8,49.4,1
19.9,46.5,1
22.1,41.7,1
24.0,36.4,1
30.2,22.8,0
33.4,17.1,0
35.1,15.0,0
34.1,16.0,0
35.7,13.6,0
35.3,13.8,0
32.3,16.7,0
36.0,13.3,0
35.8,13.7,0
32.3,18.4,0
29.7,25.0,0
27.8,26.6,0
26.3,27.3,0
25.3,30.0,0
24.0,34.9,0
23.4,38.6,1
23.5,38.3,1
22.0,42.6,1
21.4,45.6,1
21.1,47.1,1
21.3,48.4,1
22.9,47.9,1
24.4,45.5,1
27.6,38.0,1
31.1,29.6,0
33.4,24.7,0
35.7,18.9,0
36.2,18.1,0
37.1,17.7,0
36.5,18.1,0
35.5,19.1,0
33.7,20.0,0
30.5,22.7,0
28.7,26.2,0
26.7,28.9,0
25.7,31.6,0
24.5,35.7,0
24.3,36.3,1
23.8,36.9,1
23.7,37.3,1
22.2,40.6,1
21.6,42.2,1
20.3,46.8,1
20.7,45.9,1
20.5,47.7,1
22.4,46.6,1
24.2,48.5,1
28.8,33.0,0
32.8,25.2,0
34.4,19.9,0
36.5,16.7,0
37.5,14.3,0
38.0,15.5,0
38.1,16.5,0
37.3,17.3,0
35.9,17.7,0
32.4,21.5,0
30.3,25.6,0
28.5,27.8,0
26.9,30.5,0
25.7,33.5,0
24.7,36.9,1
23.6,39.2,1
22.2,43.0,1
21.2,45.8,1
21.3,45.9,1
21.6,45.0,1
21.3,46.5,1
21.1,46.9,1
22.8,43.0,1
25.0,38.3,1
30.9,26.9,0
35.1,19.2,0
36.9,17.2,0
39.3,13.9,0
40.3,12.6,0
39.7,13.5,0
41.1,13.1,0
40.1,14.9,0
37.4,17.0,0
34.0,19.2,0
31.7,21.6,0
29.7,24.2,0
27.9,27.6,0
26.8,29.9,0
25.8,33.0,0
26.3,33.1,0
24.3,38.1,1
24.7,36.4,1
21.1,45.6,1
20.2,48.5,1
21.3,45.5,1
22.6,31.0,0
25.7,34.8,0
31.6,23.8,0
36.3,16.3,0
37.9,15.0,0
39.4,13.7,0
40.2,12.3,0
41.3,11.9,0
41.4,11.8,0
40.1,13.6,0
37.6,16.4,0
33.9,20.3,0
31.6,22.9,0
29.7,24.8,0
29.0,27.0,0
27.9,30.4,0
28.0,30.6,0
26.8,32.3,0
26.6,33.0,0
22.2,42.8,1
21.2,46.3,1
21.4,46.5,1
22.9,43.0,1
25.2,38.6,1
27.1,34.9,0
32.4,24.8,0
36.8,18.0,0
39.6,18.8,0
36.1,25.5,0
33.3,29.9,0
31.2,33.2,0
30.1,35.8,0
28.9,39.1,1
27.8,43.3,1
26.9,46.1,1
26.4,47.1,1
25.2,51.4,1
23.8,55.4,1
24.9,50.6,1
25.0,49.2,1
24.7,50.9,1
34.0,29.9,0
37.3,22.9,0
40.1,19.0,0
42.0,15.8,0
42.8,14.3,0
44.3,13.0,0
44.6,12.6,0
43.4,14.8,0
40.6,18.2,0
37.1,21.3,0
34.5,25.5,0
32.2,30.4,0
30.4,35.4,0
29.4,38.7,1
28.6,38.7,1
27.7,40.5,1
28.0,39.8,1
24.8,48.5,1
25.6,45.8,1
23.6,51.5,1
25.1,46.5,1
24.5,48.3,1
26.6,42.8,1
29.0,37.6,0
34.2,28.5,0
37.3,22.9,0
40.1,17.5,0
42.2,14.6,0
41.9,15.2,0
43.1,13.8,0
42.8,13.8,0
41.1,16.5,0
38.7,20.3,0
35.8,24.1,0
33.1,28.3,0
30.1,33.9,0
29.0,36.6,0
28.5,38.4,1
27.8,39.9,1
27.0,42.8,1
26.4,44.5,1
25.8,46.6,1
25.1,48.5,1
24.6,52.2,1
24.4,50.5,1
25.2,49.1,1
26.6,50.8,1
28.0,46.9,1
32.7,34.5,0
36.6,26.5,0
37.8,26.3,0
38.3,27.1,0
35.4,32.4,0
37.3,28.8,0
36.6,28.2,0
35.1,29.6,0
32.3,33.4,0
29.9,37.9,0
28.2,41.9,1
27.2,45.9,1
27.3,45.7,1
27.0,47.1,1
23.7,69.3,2
23.8,63.5,2
24.7,56.9,1
25.0,53.1,1
22.5,69.1,2
23.4,64.4,2
24.4,57.9,1
24.5,56.9,1
24.9,54.8,1
27.0,47.4,1
27.6,43.7,1
28.2,42.6,1
29.1,40.8,1
29.8,38.6,1
31.5,34.5,0
31.2,36.3,0
30.0,41.3,1
27.6,47.5,1
28.8,41.3,1
28.5,41.6,1
27.7,43.4,1
27.3,44.1,1
26.9,45.5,1
26.6,47.2,1
26.0,48.0,1
26.2,45.7,1
23.7,54.6,1
22.6,58.8,2
24.0,53.4,1
25.2,51.0,1
27.3,47.1,1
32.8,33.4,0
36.0,28.0,0
38.5,23.8,0
39.8,20.5,0
38.1,22.0,0
40.0,20.0,0
40.4,19.8,0
39.1,20.7,0
37.3,24.3,0
34.0,30.9,0
31.8,34.5,0
30.1,37.7,0
28.6,42.3,1
27.7,44.6,1
26.6,47.5,1
25.7,50.7,1
25.1,53.9,1
24.8,58.7,1
23.5,63.6,2
24.3,59.4,2
23.3,62.0,2
24.1,63.1,2
25.0,60.7,2
27.3,52.4,1
32.4,37.3,0
35.4,31.3,0
37.4,28.2,0
39.2,20.2,0
38.1,18.5,0
40.2,17.7,0
39.7,19.1,0
38.5,19.8,0
36.6,24.6,0
33.1,32.7,0
30.7,38.7,0
29.5,42.7,1
27.8,52.6,1
27.4,55.5,1
27.3,57.1,1
26.7,60.1,2
26.2,61.6,2
25.5,62.8,2
25.5,61.8,2
25.1,62.4,2
24.6,62.7,2
25.7,58.9,1
28.4,50.7,1
32.7,36.9,0
34.0,32.7,0
35.6,29.2,0
37.1,25.6,0
36.1,26.4,0
37.9,23.8,0
38.0,22.2,0
36.9,22.7,0
35.5,25.7,0
32.8,32.2,0
30.5,38.2,0
28.8,43.5,1
28.0,46.2,1
27.1,49.4,1
26.4,52.2,1
21.4,75.5,2
21.9,74.9,2
22.0,75.9,2
22.5,74.9,2
24.5,66.2,2
25.6,61.2,2
29.3,48.4,1
33.5,36.0,0
35.6,29.8,0
33.7,33.4,0
34.1,33.3,0
31.5,43.5,1
32.5,40.6,1
29.8,45.2,1
27.7,49.9,1
26.4,54.6,1
25.5,58.0,1
25.1,59.9,2
24.1,63.5,2
23.8,65.0,2
23.4,64.9,2
24.4,58.6,1
23.3,63.3,2
21.9,67.1,2
23.6,61.2,2
22.6,63.4,2
22.9,62.6,2
23.3,61.8,2
25.4,56.2,1
30.6,41.9,1
33.5,34.0,0
35.5,29.8,0
37.5,24.7,0
35.1,25.2,0
38.1,21.1,0
38.5,21.8,0
36.8,29.5,0
34.9,33.4,0
32.2,37.4,0
29.7,41.7,1
27.7,47.4,1
27.3,49.4,1
26.3,51.3,1
25.7,54.1,1
25.4,55.1,1
24.9,57.3,1
24.1,61.8,2
23.9,61.2,2
23.8,61.3,2
23.4,61.7,2
24.3,58.4,1
25.1,56.6,1
27.3,51.3,1
29.5,45.9,1
27.6,52.4,1
25.4,68.0,2
32.2,40.3,1
31.6,38.9,0
33.0,37.3,0
35.1,32.1,0
35.0,31.1,0
33.8,32.1,0
31.1,38.8,0
29.0,46.1,1
28.1,50.6,1
27.1,54.7,1
26.6,56.4,1
25.8,60.4,2
25.5,61.6,2
24.9,63.5,2
24.3,65.1,2
23.2,68.0,2
23.2,67.5,2
24.3,63.3,2
25.5,59.7,2
27.7,52.5,1
31.8,38.9,0
32.7,34.1,0
34.3,31.5,0
34.2,31.5,0
33.9,32.3,0
34.4,31.9,0
29.8,41.7,1
28.8,45.9,1
28.2,51.1,1
27.5,54.4,1
27.4,55.0,1
28.1,51.6,1
26.3,56.5,1
24.4,65.0,2
24.4,63.6,2
23.5,67.4,2
23.4,65.7,2
24.5,61.3,2
26.0,55.8,1
28.5,48.5,1
33.6,35.7,0
36.5,28.9,0
39.0,23.7,0
38.8,23.7,0
38.0,24.0,0
40.5,23.3,0
39.8,25.4,0
39.6,23.3,0
38.8,24.7,0
34.7,35.9,0
32.3,43.6,1
30.7,48.1,1
29.5,50.6,1
28.8,52.0,1
28.2,55.0,1
27.2,59.1,1
26.7,60.7,2
26.9,60.3,2
26.4,61.6,2
25.9,63.6,2
26.1,63.7,2
26.8,60.5,2
27.9,56.5,1
29.8,51.1,1
33.6,41.0,1
35.1,38.1,0
36.2,34.9,0
38.0,30.7,0
36.6,30.8,0
38.8,25.4,0
38.7,25.8,0
37.4,29.9,0
36.2,31.1,0
33.8,34.5,0
31.4,40.7,1
30.8,45.0,1
29.4,50.0,1
28.1,54.1,1
27.3,57.8,1
26.7,60.6,2
25.9,64.5,2
25.6,63.5,2
25.8,64.6,2
26.5,60.6,2
26.4,61.7,2
27.5,60.1,2
29.4,53.1,1
33.4,39.9,0
33.2,39.2,0
34.5,35.1,0
37.1,30.5,0
35.9,32.1,0
37.3,28.0,0
38.1,26.3,0
37.1,27.2,0
35.2,31.2,0
32.1,38.7,0
30.3,45.1,1
29.3,50.2,1
28.6,53.7,1
27.8,57.4,1
27.4,59.4,1
27.2,59.3,1
26.7,61.0,2
26.0,62.7,2
25.4,63.1,2
26.1,60.3,2
25.2,67.1,2
26.0,61.9,2
27.0,57.5,1
30.5,44.4,1
33.4,35.1,0
35.7,29.0,0
35.8,27.7,0
36.3,27.4,0
33.6,28.8,0
35.2,20.5,0
35.0,22.4,0
34.0,25.2,0
32.0,28.2,0
29.4,34.4,0
28.1,41.1,1
26.9,47.5,1
26.6,50.4,1
25.9,52.9,1
25.4,54.6,1
25.1,55.7,1
25.1,55.3,1
25.0,56.0,1
25.2,55.0,1
25.6,53.5,1
24.7,55.9,1
24.0,57.2,1
25.0,53.2,1
28.0,43.4,1
31.6,35.5,0
35.0,29.0,0
35.3,27.6,0
36.2,24.1,0
34.8,24.5,0
38.2,19.6,0
38.9,20.3,0
36.9,27.1,0
35.2,32.1,0
32.0,38.2,0
29.8,41.8,1
28.2,45.9,1
27.1,48.2,1
26.7,49.5,1
26.1,50.8,1
25.7,52.5,1
24.8,55.4,1
23.8,57.5,1
22.5,61.8,2
22.7,59.2,2
23.0,58.4,1
23.9,56.3,1
26.3,50.1,1
32.1,34.0,0
35.8,25.7,0
38.3,19.8,0
37.3,20.5,0
36.3,18.4,0
36.8,16.9,0
37.9,15.9,0
36.7,17.1,0
33.8,21.9,0
32.6,24.6,0
30.6,28.4,0
29.4,30.5,0
28.4,34.4,0
28.3,34.1,0
27.8,35.2,0
25.3,39.7,1
24.5,41.5,1
24.8,39.8,1
23.3,41.9,1
21.5,45.6,1
21.3,47.0,1
22.2,45.0,1
23.6,40.8,1
27.1,32.4,0
33.4,20.1,0
35.3,17.0,0
37.4,14.7,0
38.6,14.6,0
35.8,17.8,0
38.4,16.4,0
39.7,15.3,0
38.8,15.8,0
35.2,22.3,0
31.7,28.2,0
30.4,30.9,0
29.5,32.1,0
28.0,34.9,0
28.2,36.6,0
26.5,40.7,1
28.3,36.7,0
25.7,43.8,1
24.3,49.0,1
24.3,48.3,1
23.6,49.2,1
22.2,53.9,1
22.5,52.3,1
24.3,47.8,1
27.3,40.7,1
33.3,28.2,0
36.4,27.1,0
36.8,26.2,0
36.4,26.8,0
33.3,32.8,0
31.3,39.5,1
29.9,44.7,1
29.1,48.4,1
28.0,52.9,1
27.7,53.0,1
27.7,52.6,1
28.3,49.5,1
28.8,49.0,1
27.7,52.5,1
27.5,53.0,1
27.1,54.4,1
27.6,52.1,1
29.0,48.5,1
31.0,42.9,1
32.5,39.4,0
36.9,30.9,0
36.2,30.6,0
37.7,27.7,0
37.1,27.2,0
39.5,24.3,0
39.9,23.8,0
39.6,24.3,0
37.2,29.1,0
33.9,37.1,0
31.6,43.6,1
25.3,41.7,1
32.9,24.9,0
34.4,23.5,0
34.3,22.5,0
33.4,21.6,0
36.1,18.4,0
37.3,15.4,0
36.8,16.2,0
34.9,20.9,0
30.8,26.5,0
28.9,28.3,0
27.0,30.7,0
26.6,30.6,0
26.0,33.1,0
24.1,37.9,1
22.2,43.1,1
22.8,41.3,1
21.2,43.8,1
21.7,42.6,1
20.2,47.1,1
20.1,47.8,1
20.6,45.5,1
22.4,41.1,1
25.0,36.6,1
29.9,26.2,0
32.9,21.8,0
35.0,17.9,0
34.6,18.2,0
33.8,22.8,0
36.3,19.5,0
38.3,17.9,0
36.9,20.9,0
33.9,30.0,0
29.8,43.4,1
27.5,50.4,1
27.5,50.4,1
28.1,48.0,1
26.9,49.6,1
26.0,48.0,1
24.9,50.6,1
23.7,53.2,1
24.5,50.9,1
22.9,56.1,1
23.3,55.5,1
23.6,54.2,1
24.9,52.9,1
26.4,50.8,1
28.1,47.4,1
30.2,43.2,1
31.2,41.9,1
33.9,36.0,0
33.9,34.1,0
34.4,30.6,0
35.3,28.5,0
36.3,28.3,0
35.3,29.4,0
32.5,34.1,0
29.1,42.1,1
27.8,35.6,0
27.0,30.0,0
26.3,37.3,1
25.2,40.8,1
24.3,43.3,1
23.3,45.3,1
24.1,44.0,1
23.8,44.8,1
23.7,46.7,1
19.8,59.3,2
20.0,59.3,2
22.5,48.6,1
19.5,57.0,1
19.6,56.1,1
20.7,53.3,1
24.7,41.8,1
29.9,30.5,0
32.3,27.2,0
34.3,24.5,0
33.4,22.5,0
32.5,28.7,0
33.8,25.8,0
34.5,28.6,0
32.7,33.0,0
31.4,35.4,0
27.7,43.5,1
26.2,47.8,1
25.7,48.7,1
25.2,50.1,1
24.4,53.4,1
23.7,55.4,1
22.8,58.5,1
22.8,58.5,1
22.3,59.7,2
20.8,64.9,2
19.7,66.8,2
19.8,64.3,2
20.6,62.3,2
23.2,54.0,1
26.3,43.1,1
29.1,35.4,0
30.0,31.6,0
32.4,26.3,0
31.3,29.1,0
31.1,28.6,0
33.3,24.4,0
35.5,21.2,0
34.6,22.0,0
33.3,23.6,0
30.0,28.5,0
28.0,33.0,0
27.2,37.4,0
26.6,39.9,1
25.3,41.7,1
24.3,44.7,1
24.4,45.6,1
23.1,49.9,1
22.7,51.3,1
21.8,54.1,1
21.0,56.9,1
21.8,55.5,1
21.6,57.2,1
22.8,54.2,1
26.2,45.0,1
39.3,16.0,0
37.0,23.6,0
33.2,30.1,0
31.0,33.1,0
29.5,33.4,0
29.1,36.7,0
27.8,40.7,1
26.0,45.3,1
25.8,45.4,1
25.4,45.9,1
25.2,46.4,1
23.0,52.7,1
22.1,54.5,1
22.5,53.6,1
22.0,55.4,1
23.4,51.6,1
26.7,43.0,1
31.3,32.9,0
34.8,27.1,0
38.3,21.5,0
37.1,21.2,0
37.3,20.3,0
38.3,19.3,0
40.7,17.0,0
39.5,18.5,0
36.6,22.6,0
32.8,28.2,0
30.7,30.7,0
30.1,28.7,0
29.7,25.4,0
29.6,24.3,0
28.0,29.1,0
27.2,33.3,0
27.5,30.9,0
27.1,33.3,0
26.4,35.1,0
25.6,37.6,1
25.4,38.6,1
25.5,38.2,1
27.0,34.3,0
29.9,29.6,0
31.9,26.8,0
33.0,23.5,0
34.5,19.3,0
33.2,19.0,0
32.2,20.5,0
32.6,17.5,0
33.0,17.5,0
32.9,17.5,0
31.6,18.0,0
29.3,20.4,0
27.8,24.4,0
27.1,26.9,0
26.3,29.5,0
25.9,32.9,0
25.3,36.9,1
24.8,40.1,1
24.3,42.9,1
24.0,45.5,1
23.5,49.1,1
23.7,49.2,1
23.6,49.6,1
24.3,45.4,1
26.3,38.3,1
27.6,34.2,0
29.2,29.1,0
29.2,28.6,0
29.4,28.3,0
29.8,28.0,0
30.1,26.7,0
30.1,27.2,0
29.6,27.5,0
29.6,27.7,0
28.0,30.1,0
26.8,33.8,0
25.7,35.8,0
25.4,35.2,0
25.0,37.3,1
24.6,40.5,1
24.2,43.8,1
24.0,43.7,1
21.9,48.3,1
22.4,47.2,1
22.9,46.5,1
23.1,47.0,1
23.7,46.2,1
25.8,41.9,1
27.3,38.3,1
31.0,29.1,0
31.6,25.5,0
32.5,21.2,0
31.7,20.5,0
31.5,21.5,0
31.6,20.8,0
32.4,19.4,0
31.7,20.3,0
31.1,21.0,0
28.9,25.4,0
27.4,30.8,0
26.3,34.1,0
32.4,19.8,0
29.9,22.3,0
28.2,24.8,0
26.8,28.9,0
25.1,32.3,0
25.4,30.5,0
24.9,28.3,0
23.2,30.5,0
22.3,33.6,0
23.0,33.0,0
21.4,35.7,1
21.7,33.4,0
20.3,35.5,1
19.7,37.5,1
21.0,35.6,1
25.0,28.9,0
31.0,21.9,0
34.9,18.5,0
37.1,15.0,0
35.0,17.3,0
35.1,17.5,0
35.4,16.6,0
38.4,13.8,0
37.6,14.5,0
35.2,16.6,0
31.2,25.5,0
29.3,30.7,0
28.3,30.1,0
27.4,31.5,0
26.2,35.7,0
25.2,38.1,1
24.4,39.1,1
23.7,39.1,1
24.2,38.5,1
24.5,38.5,1
22.4,43.5,1
22.3,43.8,1
21.4,45.8,1
22.9,41.3,1
26.6,30.3,0
30.3,23.0,0
32.8,18.9,0
34.3,17.7,0
33.3,18.9,0
33.0,20.1,0
33.6,19.6,0
34.9,18.4,0
33.4,20.3,0
31.6,22.7,0
29.2,26.9,0
27.7,30.1,0
27.1,31.0,0
26.0,33.4,0
25.1,35.7,0
24.3,38.5,1
25.4,53.0,1
30.0,41.6,1
32.6,34.8,0
32.2,34.2,0
32.1,33.5,0
32.6,31.8,0
35.2,25.2,0
34.3,24.7,0
29.0,36.6,0
27.1,42.2,1
26.1,46.4,1
25.1,49.4,1
26.0,46.4,1
24.7,49.2,1
24.8,49.0,1
26.9,53.1,1
26.5,50.8,1
25.1,55.8,1
23.9,58.9,2
23.1,62.8,2
22.1,67.3,2
22.1,66.5,2
21.1,70.1,2
21.9,67.1,2
21.7,67.4,2
20.2,73.8,2
19.1,76.0,2
19.4,75.4,2
19.7,74.4,2
19.9,74.3,2
20.4,72.8,2
21.6,67.7,2
22.9,59.1,2
18.7,73.1,2
21.1,58.3,2
23.3,47.1,1
22.9,47.9,1
23.3,46.2,1
23.7,45.4,1
23.8,46.1,1
23.0,49.3,1
21.9,53.1,1
21.3,54.8,1
21.2,55.2,1
21.4,54.8,1
20.8,57.2,1
21.3,55.8,1
21.4,52.1,1
20.6,56.6,1
20.0,59.1,2
19.7,61.9,2
19.6,59.1,2
19.8,56.7,1
20.2,55.6,1
19.7,57.8,1
20.2,53.1,1
22.0,47.0,1
23.5,41.6,1
22.8,41.8,1
23.4,40.4,1
23.2,42.8,1
23.6,43.2,1
23.9,40.8,1
23.6,42.8,1
23.2,43.3,1
22.8,42.5,1
22.3,42.2,1
22.1,43.0,1
22.2,42.7,1
22.1,42.8,1
22.1,43.5,1
21.5,45.6,1
21.1,44.5,1
20.4,47.1,1
20.2,46.7,1
20.1,47.8,1
20.0,50.7,1
20.7,49.7,1
24.3,39.5,1
25.4,34.8,0
26.6,30.7,0
27.7,28.1,0
27.6,28.7,0
27.6,29.2,0
28.1,28.6,0
29.1,26.8,0
28.4,28.3,0
26.6,32.1,0
25.3,35.3,0
24.7,37.1,1
23.5,40.6,1
22.8,43.4,1
22.2,47.9,1
21.3,50.5,1
20.6,53.2,1
19.6,56.6,1
18.8,59.8,2
18.8,59.5,2
19.3,57.0,1
18.2,60.8,2
16.8,66.8,2
18.6,60.0,2
22.2,48.0,1
26.5,35.7,0
30.0,28.5,0
32.2,24.7,0
29.6,28.6,0
29.8,28.5,0
31.1,26.1,0
34.6,22.4,0
33.2,25.4,0
30.0,31.4,0
27.5,38.1,1
26.2,42.5,1
24.7,46.4,1
23.6,50.0,1
22.7,53.6,1
22.7,53.8,1
22.8,53.0,1
21.4,57.6,1
19.9,62.3,2
19.5,63.5,2
20.2,60.8,2
19.4,63.5,2
18.7,65.6,2
23.5,49.7,1
26.4,41.9,1
29.9,34.0,0
31.5,30.8,0
30.2,30.2,0
30.5,29.3,0
31.8,27.4,0
34.3,23.2,0
34.1,23.0,0
30.5,29.2,0
28.1,32.4,0
26.5,31.7,0
24.8,33.7,0
23.9,38.1,1
23.0,43.0,1
23.5,44.7,1
22.3,47.7,1
22.1,49.8,1
21.8,51.4,1
20.8,55.9,1
18.8,63.0,2
18.3,65.5,2
18.2,66.1,2
19.6,60.7,2
22.6,51.4,1
25.8,44.2,1
28.5,39.0,1
30.1,35.1,0
29.4,36.4,0
29.2,37.9,0
30.5,34.9,0
31.5,31.4,0
31.2,31.4,0
28.5,37.2,0
26.7,42.3,1
24.8,49.0,1
23.6,53.6,1
23.0,55.8,1
22.1,58.4,2
22.6,56.3,1
21.0,61.3,2
23.0,54.0,1
19.8,65.3,2
18.3,70.8,2
18.1,72.5,2
18.3,71.0,2
18.5,68.9,2
20.1,62.7,2
23.5,52.0,1
26.8,42.7,1
29.1,36.7,0
30.8,32.0,0
27.9,37.0,0
28.5,37.3,0
30.2,32.9,0
32.9,27.7,0
32.2,28.8,0
28.8,39.0,1
26.7,43.3,1
24.6,54.0,1
23.4,59.9,2
22.5,62.6,2
22.9,62.0,2
22.2,64.9,2
21.4,68.5,2
22.2,63.0,2
22.4,59.9,2
22.9,57.5,1
21.3,63.2,2
21.3,63.5,2
23.7,54.4,1
25.0,50.8,1
26.3,48.1,1
26.4,47.3,1
29.3,39.5,1
29.0,39.6,1
29.8,38.0,0
30.4,37.2,0
31.5,34.9,0
31.6,34.8,0
29.0,40.5,1
27.2,45.9,1
26.2,48.7,1
25.1,50.5,1
24.1,50.7,1
22.5,53.7,1
22.7,53.7,1
21.5,57.9,1
22.3,55.8,1
22.7,53.8,1
21.1,59.9,2
20.4,63.0,2
20.8,62.2,2
21.3,61.6,2
21.9,60.2,2
23.0,56.4,1
25.1,49.5,1
26.6,44.3,1
26.2,46.0,1
25.4,48.7,1
25.6,48.3,1
25.7,47.8,1
24.9,49.2,1
18.3,75.4,2
16.3,73.9,2
15.6,75.7,2
15.4,76.6,2
14.0,75.4,2
14.9,60.5,2
15.5,50.9,1
15.6,50.0,1
15.4,53.6,1
15.4,53.9,1
15.3,52.4,1
15.3,53.1,1
15.4,53.7,1
15.5,53.3,1
15.4,52.7,1
15.7,51.1,1
16.9,47.7,1
18.2,41.9,1
19.1,37.0,1
19.3,34.8,1
19.8,31.2,0
19.8,31.1,0
20.2,28.6,0
22.1,24.8,0
21.1,27.7,0
20.1,30.3,0
19.5,33.0,0
19.3,32.3,0
18.4,33.2,0
17.8,36.5,1
17.8,39.9,1
17.0,43.0,1
15.5,52.2,1
15.6,51.9,1
13.5,59.4,2
12.5,63.2,2
13.6,57.6,2
12.2,63.2,2
14.6,56.4,1
19.8,38.6,1
21.6,33.4,0
22.0,32.2,0
22.7,30.2,0
22.3,30.4,0
22.1,30.5,0
22.1,29.5,0
23.4,27.1,0
23.1,27.0,0
21.5,31.4,0
20.3,35.5,1
19.6,36.3,1
18.7,39.7,1
18.0,42.7,1
17.1,47.6,1
16.6,51.3,1
15.9,55.2,1
14.9,58.9,2
14.1,61.0,2
14.0,62.6,2
14.1,61.7,2
14.4,60.3,2
15.0,57.7,2
16.9,50.3,1
19.7,40.2,1
22.2,33.6,0
23.7,29.6,0
21.9,30.7,0
22.3,29.5,0
23.8,27.0,0
23.3,28.3,0
24.2,27.2,0
25.1,25.8,0
22.3,29.2,0
20.8,32.5,0
19.1,36.8,1
18.1,39.9,1
17.4,42.8,1
16.7,46.6,1
17.1,46.8,1
15.3,51.9,1
15.0,52.8,1
14.4,54.5,1
12.8,59.8,2
11.9,62.7,2
12.1,62.6,2
13.5,58.2,2
14.4,55.7,1
17.8,45.7,1
21.0,37.2,1
24.5,29.8,0
26.4,26.4,0
25.2,26.8,0
26.1,24.8,0
26.2,24.4,0
28.9,21.3,0
28.0,23.3,0
24.7,27.9,0
23.0,33.6,0
20.9,45.8,1
19.8,48.6,1
19.8,47.7,1
18.6,49.1,1
17.2,53.9,1
16.3,56.8,1
17.4,53.4,1
15.5,58.8,2
17.1,52.5,1
15.2,58.3,2
14.9,59.2,2
15.1,59.0,2
19.0,47.8,1
22.4,38.8,1
25.4,33.3,0
27.2,30.4,0
25.5,34.8,0
26.4,28.5,0
27.7,25.1,0
28.6,23.2,0
27.2,26.3,0
25.3,33.0,0
23.2,36.9,1
21.6,43.3,1
21.1,44.8,1
19.7,49.3,1
20.3,47.8,1
19.4,50.3,1
24.6,42.8,1
24.6,44.1,1
25.6,43.4,1
26.1,42.6,1
25.8,44.8,1
25.4,47.9,1
24.6,50.0,1
23.6,54.4,1
22.6,59.5,2
22.1,61.3,2
22.1,61.3,2
21.1,64.7,2
20.3,66.4,2
19.4,69.3,2
19.0,70.8,2
20.2,65.8,2
19.8,67.2,2
19.0,70.3,2
18.8,71.8,2
20.2,66.3,2
20.8,64.3,2
22.3,59.3,2
23.2,56.6,1
23.8,54.7,1
23.5,56.2,1
23.9,54.4,1
25.4,47.4,1
26.4,45.4,1
25.8,46.9,1
28.6,37.6,0
28.0,38.5,1
25.2,45.8,1
24.0,50.6,1
23.2,54.7,1
22.3,57.1,1
21.8,58.2,1
20.9,61.3,2
20.6,62.0,2
20.3,62.5,2
20.5,62.1,2
18.7,68.5,2
18.2,70.3,2
18.2,70.1,2
18.2,70.0,2
19.4,66.5,2
19.5,66.9,2
21.1,61.1,2
23.2,54.7,1
24.4,52.5,1
26.4,45.8,1
27.7,39.2,1
28.0,39.6,1
28.7,38.4,1
28.5,39.4,1
28.4,39.8,1
26.4,45.9,1
25.2,49.5,1
24.9,50.9,1
24.6,52.2,1
24.0,54.4,1
23.8,56.1,1
22.3,60.6,2
21.9,61.5,2
21.1,64.5,2
21.0,64.4,2
21.3,63.9,2
20.8,66.7,2
20.6,67.5,2
20.9,66.3,2
21.5,63.7,2
23.7,56.0,1
26.0,48.2,1
28.5,42.4,1
28.1,45.3,1
29.0,43.9,1
28.9,44.3,1
29.6,42.3,1
29.4,42.9,1
28.7,45.1,1
27.0,51.2,1
26.5,52.7,1
26.2,51.7,1
24.8,56.4,1
24.9,56.0,1
24.5,57.5,1
24.7,56.9,1
23.9,59.2,2
23.8,60.2,2
23.5,61.3,2
22.2,65.6,2
21.3,69.1,2
21.3,68.2,2
22.2,65.2,2
24.1,59.0,2
24.3,61.6,2
24.8,59.6,2
24.5,58.8,1
21.0,76.8,2
19.8,78.0,2
19.4,80.5,2
19.6,79.1,2
20.8,73.1,2
21.1,68.6,2
21.1,68.3,2
21.2,67.7,2
20.8,68.6,2
20.8,68.1,2
20.7,68.4,2
20.1,70.5,2
20.2,67.9,2
19.4,70.4,2
18.8,73.8,2
17.9,77.7,2
18.2,76.9,2
18.6,74.9,2
19.6,70.3,2
20.2,66.6,2
19.7,68.9,2
19.2,73.4,2
20.0,69.6,2
21.1,64.0,2
20.2,67.4,2
20.2,68.9,2
21.9,57.6,1
23.2,52.0,1
21.7,59.1,2
20.8,61.4,2
19.9,64.2,2
19.7,65.1,2
20.0,63.3,2
19.0,66.1,2
18.8,60.9,2
18.9,60.7,2
18.1,65.2,2
18.3,65.1,2
18.3,66.9,2
17.8,67.5,2
16.9,66.7,2
17.8,60.6,2
17.6,60.8,2
17.9,57.8,2
15.4,53.2,1
16.5,49.9,1
24.8,57.7,1
24.6,58.9,1
23.9,61.8,2
23.0,65.9,2
22.4,67.7,2
22.0,69.2,2
21.8,69.6,2
21.9,68.3,2
21.7,69.7,2
21.3,70.3,2
20.8,71.7,2
21.4,69.0,2
21.3,69.5,2
21.5,67.5,2
21.9,64.8,2
22.6,61.4,2
22.6,61.5,2
25.5,52.3,1
27.0,47.6,1
25.2,53.3,1
26.6,49.3,1
27.2,48.5,1
26.9,50.0,1
26.5,52.2,1
27.0,51.0,1
25.9,55.8,1
25.1,59.4,2
24.7,58.7,1
23.6,62.2,2
22.4,67.1,2
21.6,69.2,2
21.3,68.5,2
21.2,68.6,2
20.3,70.6,2
20.8,67.3,2
18.7,74.4,2
19.8,69.2,2
19.8,69.4,2
20.4,66.7,2
22.3,60.6,2
22.6,59.9,2
24.5,54.5,1
24.4,55.4,1
26.0,51.9,1
26.8,49.1,1
26.4,49.8,1
26.9,48.6,1
26.2,48.9,1
24.3,54.3,1
23.3,58.1,1
22.3,62.5,2
21.3,66.1,2
21.2,65.7,2
20.3,68.1,2
20.4,66.7,2
19.9,67.5,2
19.1,70.0,2
19.3,68.1,2
18.1,72.1,2
18.1,72.3,2
17.6,74.8,2
18.2,72.8,2
20.2,65.8,2
21.6,61.4,2
23.3,57.5,1
25.0,52.4,1
25.4,50.8,1
26.1,47.1,1
27.0,44.2,1
27.2,43.0,1
25.6,48.3,1
23.3,57.9,1
22.2,63.6,2
21.6,67.7,2
21.0,69.3,2
20.3,70.5,2
20.0,69.5,2
19.7,70.1,2
19.5,70.7,2
19.4,71.4,2
19.3,71.1,2
18.0,75.4,2
17.3,78.4,2
17.5,76.6,2
20.0,66.7,2
19.1,70.0,2
21.4,61.7,2
24.6,50.4,1
25.0,49.1,1
25.3,46.7,1
24.8,47.9,1
25.3,48.0,1
26.5,44.9,1
25.0,50.1,1
22.9,57.6,1
21.7,62.9,2
21.8,63.0,2
21.2,63.4,2
20.2,65.8,2
18.4,71.5,2
17.9,72.4,2
16.9,75.4,2
16.5,75.5,2
15.4,79.0,2
16.2,76.9,2
15.8,79.6,2
16.0,76.3,2
16.3,74.3,2
18.7,66.3,2
20.5,60.2,2
19.3,66.2,2
20.0,63.9,2
21.4,59.4,2
21.5,60.9,2
21.6,60.9,2
21.6,62.0,2
21.7,61.9,2
21.0,64.9,2
20.0,68.6,2
19.3,71.4,2
18.5,73.4,2
17.7,75.6,2
18.5,70.4,2
17.0,76.1,2
16.8,74.9,2
15.5,78.5,2
15.3,79.0,2
14.8,79.4,2
15.7,77.0,2
16.2,75.9,2
16.3,75.9,2
17.7,70.6,2
18.3,67.6,2
20.1,62.0,2
22.6,54.5,1
24.6,47.1,1
24.9,48.3,1
24.9,50.0,1
24.0,55.0,1
23.2,58.7,2
22.5,61.5,2
22.2,61.0,2
22.6,58.3,1
21.0,57.4,1
19.8,63.7,2
17.7,78.8,2
17.6,80.5,2
17.4,81.3,2
17.4,81.0,2
17.2,81.8,2
16.8,81.3,2
17.6,78.8,2
18.0,75.7,2
18.0,74.8,2
18.2,74.0,2
19.7,65.4,2
21.0,57.9,1
20.7,58.6,2
19.5,67.1,2
18.5,76.2,2
19.6,69.7,2
19.9,65.3,2
20.0,63.3,2
19.2,66.4,2
19.3,67.5,2
18.2,71.4,2
17.8,71.2,2
17.6,69.9,2
16.0,75.9,2
16.9,72.0,2
15.7,76.3,2
14.8,78.7,2
14.8,79.7,2
15.2,78.0,2
15.5,77.2,2
15.7,76.4,2
16.0,76.4,2
16.7,73.8,2
18.6,66.3,2
20.4,58.1,2
20.6,57.3,1
21.6,53.6,1
21.4,55.6,1
20.7,63.0,2
21.3,61.9,2
20.8,64.0,2
20.3,66.7,2
19.7,64.5,2
19.4,64.0,2
20.1,60.8,2
20.4,60.4,2
20.1,62.6,2
19.9,64.9,2
18.2,74.7,2
18.4,73.8,2
18.7,73.5,2
18.5,76.4,2
19.3,71.6,2
20.2,66.9,2
20.8,64.7,2
21.9,61.8,2
23.5,57.7,1
19.8,81.0,2
20.2,86.5,2
20.2,82.2,2
19.7,82.2,2
20.2,79.1,2
20.1,75.4,2
20.2,72.3,2
20.0,73.3,2
18.3,74.9,2
18.9,70.4,2
17.3,76.3,2
17.1,77.9,2
17.3,79.3,2
17.3,79.9,2
16.9,80.6,2
16.9,81.4,2
16.8,81.5,2
16.7,79.7,2
16.8,79.0,2
16.8,79.8,2
16.9,79.9,2
17.4,79.3,2
18.0,76.6,2
21.2,64.4,2
22.4,60.8,2
22.6,61.1,2
23.6,57.3,1
23.5,58.3,1
22.9,61.6,2
22.3,64.3,2
21.6,68.0,2
21.2,67.4,2
20.8,65.8,2
20.4,64.8,2
20.1,66.7,2
19.5,70.0,2
19.3,70.4,2
19.7,68.6,2
19.7,68.2,2
19.9,68.4,2
18.9,71.3,2
18.1,79.0,2
20.4,71.2,2
20.6,70.7,2
19.3,74.1,2
22.2,64.4,2
23.0,64.6,2
24.3,57.4,1
22.0,67.0,2
22.9,65.7,2
23.2,63.9,2
23.0,62.3,2
22.4,63.2,2
21.7,66.6,2
21.2,70.3,2
20.8,70.9,2
20.0,73.2,2
19.7,73.7,2
19.9,72.6,2
20.1,71.3,2
20.1,71.1,2
19.6,73.2,2
19.1,75.8,2
18.4,78.1,2
19.2,74.7,2
19.4,75.1,2
19.1,75.6,2
20.3,71.1,2
23.1,61.3,2
25.1,56.0,1
25.8,56.1,1
23.7,68.2,2
23.1,70.8,2
23.9,66.3,2
23.8,65.0,2
23.2,65.6,2
21.8,72.7,2
21.7,67.3,2
21.3,66.3,2
20.4,71.6,2
19.6,75.3,2
19.3,75.8,2
18.4,76.3,2
18.2,76.4,2
17.9,74.8,2
17.5,74.5,2
17.6,73.2,2
17.9,69.3,2
16.1,76.3,2
17.1,72.8,2
20.8,57.9,1
20.6,60.2,2
22.1,56.6,1
24.0,50.0,1
25.7,45.6,1
25.5,49.7,1
25.2,50.6,1
25.4,50.7,1
24.4,56.0,1
23.0,62.1,2
21.8,65.3,2
20.9,67.5,2
20.2,68.6,2
19.3,70.8,2
19.2,68.8,2
20.4,61.1,2
18.0,71.5,2
17.5,73.2,2
17.2,71.7,2
16.8,71.9,2
16.9,70.5,2
17.0,70.1,2
18.8,62.5,2
20.3,58.4,2
23.7,49.1,1
26.6,42.8,1
26.2,43.5,1
26.3,43.6,1
26.6,42.5,1
26.3,43.7,1
25.6,46.2,1
25.1,47.6,1
23.8,51.4,1
23.3,53.1,1
22.4,55.2,1
21.7,57.7,1
20.5,63.0,2
19.5,67.6,2
18.7,69.0,2
19.3,65.5,2
17.6,70.8,2
16.8,72.9,2
17.8,68.1,2
16.1,73.5,2
15.8,73.5,2
17.0,68.0,2
16.0,72.2,2
17.8,65.4,2
23.1,61.1,2
22.2,63.7,2
21.1,66.1,2
20.0,69.0,2
19.1,72.0,2
18.8,70.6,2
18.5,69.5,2
18.4,68.5,2
16.8,73.3,2
17.9,66.8,2
16.5,71.0,2
16.9,67.9,2
16.1,69.3,2
16.1,69.6,2
16.2,70.1,2
16.5,69.3,2
19.6,58.3,2
20.7,55.5,1
20.8,56.3,1
21.7,53.1,1
23.0,49.0,1
24.2,44.0,1
24.7,43.6,1
23.0,54.2,1
21.4,60.9,2
20.3,61.4,2
20.0,63.2,2
19.1,64.4,2
18.1,67.5,2
17.8,66.9,2
17.6,66.5,2
16.1,71.2,2
15.5,73.3,2
15.4,72.8,2
15.6,70.8,2
17.0,64.5,2
14.9,72.3,2
14.0,76.6,2
14.6,74.2,2
15.9,69.8,2
18.4,61.3,2
20.0,56.7,1
20.4,57.0,1
20.7,59.3,2
21.7,54.8,1
22.0,54.2,1
21.4,57.1,1
20.8,58.7,2
20.1,59.6,2
20.0,58.4,2
19.5,58.9,2
19.5,57.4,1
19.1,59.2,2
18.8,59.1,2
18.0,60.4,2
17.5,60.7,2
17.5,59.4,2
17.1,59.2,2
16.1,49.8,1
15.5,51.5,1
15.1,52.0,1
14.9,46.8,1
15.5,42.4,1
16.6,38.2,1
18.0,34.7,1
18.0,35.1,1
17.6,33.8,1
17.5,33.7,1
17.2,33.9,1
16.8,32.1,0
16.0,34.1,1
14.8,37.5,1
14.4,39.2,1
14.1,43.0,1
13.4,48.4,1
12.7,51.2,1
9.9,71.4,2
10.2,71.6,2
10.6,61.3,2
11.1,55.6,1
11.5,50.4,1
11.3,49.5,1
10.8,50.9,1
10.9,50.1,1
10.8,49.7,1
10.7,50.4,1
10.9,50.0,1
12.1,46.5,1
12.4,44.1,1
13.0,40.1,1
13.4,36.3,1
13.1,38.5,1
11.5,46.4,1
13.1,40.4,1
13.0,39.3,1
11.3,50.9,1
10.6,53.4,1
12.6,42.4,1
13.8,40.7,1
11.0,58.8,2
8.3,76.5,2
8.6,75.5,2
8.8,76.6,2
8.0,81.0,2
7.3,85.7,2
6.5,85.6,2
6.5,83.5,2
6.9,82.3,2
7.3,78.1,2
7.9,68.0,2
8.0,64.5,2
8.1,68.6,2
6.3,84.8,2
6.7,79.8,2
7.1,77.9,2
7.9,73.5,2
6.9,86.0,2
6.8,87.1,2
8.0,81.6,2
9.5,70.0,2
10.5,62.2,2
11.4,59.1,2
11.1,58.6,2
10.8,57.6,2
10.6,56.9,2
10.6,59.3,2
10.0,71.5,2
10.3,71.1,2
10.5,70.3,2
10.2,71.3,2
9.7,73.1,2
9.3,73.5,2
9.2,73.9,2
8.1,78.1,2
7.6,81.2,2
7.5,81.5,2
8.3,77.2,2
8.9,75.6,2
9.2,81.7,2
9.9,83.4,2
10.2,82.3,2
11.2,80.7,2
11.8,76.1,2
12.5,71.3,2
13.2,68.4,2
12.5,73.2,2
12.2,75.7,2
11.5,78.1,2
11.6,76.0,2
12.0,73.3,2
12.9,68.8,2
13.1,69.6,2
12.3,73.4,2
12.7,71.0,2
12.9,69.9,2
12.9,70.5,2
13.1,67.7,2
13.1,67.6,2
13.7,64.4,2
13.9,63.8,2
14.1,64.5,2
14.0,66.1,2
14.2,66.4,2
14.9,62.5,2
16.3,58.4,2
16.9,56.5,1
17.4,55.8,1
17.4,57.3,2
17.7,55.5,1
16.8,58.9,2
17.0,57.5,2
16.2,60.2,2
16.7,58.0,2
16.5,58.8,2
15.8,61.1,2
15.7,60.8,2
15.9,59.6,2
15.6,60.0,2
15.6,60.1,2
15.7,59.5,2
15.7,60.1,2
15.6,61.7,2
15.8,59.9,2
15.2,61.8,2
16.1,55.4,1
14.9,64.1,2
15.6,62.0,2
17.9,54.6,1
21.1,44.5,1
20.3,46.7,1
21.5,42.7,1
21.5,43.1,1
21.5,43.4,1
20.8,45.5,1
19.2,49.6,1
18.3,51.6,1
17.7,51.5,1
17.2,51.5,1
15.9,54.9,1
14.0,55.2,1
13.3,53.0,1
11.9,55.5,1
11.4,54.6,1
10.4,53.7,1
9.9,54.3,1
9.8,51.3,1
9.5,52.2,1
10.0,45.7,1
10.2,41.9,1
10.6,36.1,1
10.7,36.0,1
10.8,35.4,1
11.4,32.9,1
12.4,32.0,1
12.4,31.3,1
12.2,31.8,1
10.5,37.9,1
9.6,44.2,1
8.2,57.9,2
7.3,63.5,2
8.4,55.7,2
9.1,49.6,1
10.0,41.4,1
10.4,36.2,1
11.3,32.3,1
10.9,33.5,1
10.6,34.9,1
10.7,36.1,1
11.0,37.3,1
10.4,38.6,1
10.4,37.4,1
10.5,37.0,1
10.7,37.9,1
11.1,38.1,1
12.6,36.6,1
13.8,36.2,1
13.4,37.1,1
13.5,34.9,1
13.7,32.2,1
13.6,32.1,1
13.5,31.8,1
13.5,27.9,0
12.7,28.9,0
12.6,30.2,0
12.3,32.0,1
12.0,34.3,1
11.6,37.3,1
11.3,40.3,1
11.3,41.8,1
11.2,42.0,1
11.0,42.6,1
11.2,41.3,1
11.1,40.8,1
10.7,41.8,1
10.2,43.6,1
10.1,44.0,1
10.1,45.6,1
11.3,43.9,1
14.5,33.8,1
17.5,26.4,0
17.2,22.4,0
17.3,20.4,0
18.1,21.0,0
17.9,22.3,0
17.6,23.7,0
16.7,25.9,0
14.8,29.6,0
13.6,34.0,1
13.4,40.4,1
11.8,44.3,1
10.7,47.5,1
10.2,49.4,1
9.5,51.0,1
7.7,57.9,2
8.4,54.5,1
7.9,55.4,2
6.2,61.0,2
6.8,58.6,2
5.7,62.7,2
5.9,62.0,2
6.3,61.7,2
7.5,58.8,2
11.4,45.4,1
13.3,42.3,1
14.7,38.9,1
16.5,32.9,1
17.4,32.7,0
17.3,33.9,1
16.0,41.5,1
13.7,52.8,1
13.0,55.1,1
12.4,56.8,2
10.7,62.1,2
10.5,61.1,2
9.7,62.5,2
8.8,65.5,2
8.8,63.8,2
8.5,65.0,2
7.5,69.3,2
6.4,74.0,2
5.9,76.6,2
6.1,76.7,2
6.8,74.5,2
7.7,72.5,2
8.9,67.4,2
11.4,58.3,2
13.4,52.8,1
15.8,50.1,1
18.3,50.0,1
18.8,49.2,1
18.4,49.6,1
18.3,51.0,1
17.6,53.1,1
17.3,53.6,1
16.8,55.2,1
16.6,56.5,1
16.3,58.1,2
15.9,59.0,2
15.9,59.4,2
15.7,60.9,2
16.1,59.5,2
15.5,63.8,2
14.9,65.3,2
14.7,64.4,2
14.7,59.8,2
15.4,55.9,1
14.5,63.0,2
14.7,63.1,2
15.2,62.2,2
16.1,59.2,2
17.0,55.9,1
17.6,52.2,1
17.3,55.4,1
17.8,53.5,1
18.3,52.3,1
18.3,52.8,1
17.7,56.6,1
17.3,58.2,2
16.2,62.6,2
15.2,57.5,2
14.2,27.7,0
13.4,14.3,0
12.8,14.8,0
12.2,14.0,0
12.0,14.5,0
10.8,17.0,0
10.4,19.2,0
9.0,23.1,0
8.7,24.7,0
6.9,39.4,1
6.3,44.8,1
7.2,43.2,1
11.9,27.9,0
14.8,17.9,0
14.8,14.3,0
14.7,15.5,0
14.7,16.6,0
14.8,15.6,0
15.3,14.3,0
13.5,19.5,0
11.1,31.8,1
10.2,33.4,1
9.5,35.9,1
8.0,39.8,1
6.6,44.1,1
6.1,45.2,1
5.2,50.8,1
4.9,53.0,1
5.3,48.7,1
4.2,53.6,1
3.1,56.3,2
4.1,52.2,1
3.5,55.9,2
1.3,65.3,2
3.2,57.0,2
7.2,42.8,1
10.3,34.2,1
10.9,33.8,1
12.2,30.0,0
13.3,24.3,0
15.2,18.7,0
14.9,21.7,0
13.1,25.4,0
11.7,32.7,1
10.1,34.4,1
9.8,36.0,1
7.1,43.2,1
5.9,47.8,1
5.3,50.5,1
5.6,48.0,1
3.9,55.9,2
3.3,58.0,2
3.7,56.3,2
3.7,57.9,2
4.5,54.8,2
4.9,55.8,2
5.4,55.1,2
6.2,51.8,1
6.8,49.8,1
7.3,50.6,1
7.8,49.0,1
8.0,49.2,1
8.3,49.3,1
8.5,49.6,1
8.5,52.6,1
8.9,53.4,1
9.1,53.8,1
8.9,54.2,1
8.5,54.2,1
8.5,57.8,2
7.7,71.1,2
7.9,72.5,2
8.0,75.3,2
8.0,76.2,2
7.8,81.3,2
8.2,81.4,2
8.5,81.1,2
8.9,79.3,2
9.5,77.9,2
9.9,77.6,2
10.7,76.2,2
11.8,72.2,2
13.3,66.9,2
13.8,67.0,2
13.9,67.6,2
14.2,66.8,2
14.2,67.8,2
13.6,71.0,2
13.2,72.6,2
12.4,74.7,2
11.5,76.2,2
10.4,79.3,2
10.0,82.5,2
10.0,82.6,2
10.1,83.5,2
10.0,83.6,2
10.4,80.8,2
10.6,80.3,2
10.6,78.8,2
10.5,77.8,2
9.8,79.2,2
9.5,80.3,2
9.8,80.5,2
10.3,80.3,2
11.1,77.2,2
13.3,68.8,2
15.1,58.3,2
15.6,56.2,1
15.4,59.6,2
14.6,63.7,2
13.7,66.8,2
12.3,72.5,2
10.8,77.2,2
10.2,80.4,2
10.1,79.3,2
10.0,76.1,2
8.6,82.3,2
7.7,84.3,2
7.1,84.1,2
6.7,83.2,2
6.0,83.0,2
5.1,84.0,2
4.3,85.4,2
4.0,85.7,2
4.0,84.4,2
4.0,83.1,2
4.4,81.3,2
6.7,72.6,2
10.0,63.4,2
13.6,48.7,1
14.6,46.5,1
15.4,43.0,1
16.4,38.2,1
16.8,37.6,1
16.8,36.7,1
15.4,41.3,1
13.8,48.9,1
13.3,50.9,1
11.5,57.3,2
10.7,59.8,2
10.0,61.8,2
9.9,62.1,2
9.3,64.5,2
9.1,65.7,2
8.9,71.8,2
9.1,72.9,2
9.0,77.3,2
9.1,77.3,2
9.3,76.9,2
10.0,75.0,2
10.6,72.7,2
12.4,64.8,2
13.7,59.9,2
14.9,57.0,2
15.5,56.2,1
15.8,56.3,1
15.8,57.9,2
15.7,58.9,2
15.5,61.2,2
15.5,62.8,2
15.6,64.9,2
15.1,67.0,2
14.6,67.7,2
13.8,67.8,2
13.4,69.0,2
13.0,73.7,2
12.7,77.5,2
12.4,78.4,2
11.9,79.7,2
11.9,80.7,2
13.2,75.8,2
12.3,81.9,2
12.8,80.8,2
13.7,76.3,2
13.4,78.8,2
13.8,77.8,2
15.1,73.2,2
15.8,70.5,2
15.4,73.3,2
15.6,71.4,2
16.3,68.7,2
16.4,68.2,2
15.6,70.2,2
14.2,75.8,2
14.0,74.6,2
13.3,75.8,2
13.7,72.5,2
12.8,73.8,2
11.2,78.3,2
10.6,79.4,2
10.8,77.5,2
10.3,77.6,2
10.3,74.9,2
11.2,69.0,2
8.9,77.1,2
9.5,73.3,2
8.6,77.2,2
8.6,76.6,2
9.7,72.0,2
11.1,68.2,2
11.8,65.0,2
12.1,64.8,2
12.6,63.2,2
13.4,61.9,2
13.3,63.3,2
11.2,70.9,2
9.6,76.5,2
9.9,76.3,2
10.4,74.6,2
10.3,75.1,2
10.4,75.4,2
10.5,75.4,2
10.2,78.4,2
9.9,80.5,2
9.8,81.4,2
9.5,81.7,2
8.9,83.0,2
8.8,83.7,2
8.7,84.2,2
8.7,83.7,2
9.6,80.8,2
11.3,75.3,2
13.8,68.5,2
14.9,64.9,2
15.3,63.2,2
18.6,49.1,1
18.6,49.3,1
18.4,49.9,1
17.9,51.4,1
18.0,51.9,1
16.7,57.3,2
17.3,57.0,1
16.8,58.7,2
16.5,59.2,2
16.3,59.7,2
16.0,61.6,2
15.6,66.6,2
13.8,80.4,2
13.2,84.4,2
13.6,82.8,2
13.8,81.3,2
13.6,75.5,2
11.5,81.4,2
11.8,80.7,2
12.3,78.9,2
13.0,76.0,2
13.7,70.9,2
14.0,70.9,2
14.6,65.9,2
14.9,59.9,2
14.9,58.4,2
15.3,54.3,1
14.6,56.6,2
12.6,62.0,2
11.9,62.3,2
11.6,64.3,2
11.5,68.0,2
10.7,73.9,2
9.6,83.0,2
9.6,79.9,2
9.8,79.4,2
10.1,75.3,2
9.1,80.0,2
8.7,82.4,2
8.3,80.4,2
8.9,79.2,2
8.7,80.8,2
9.0,79.8,2
9.5,78.3,2
10.4,76.0,2
11.0,74.4,2
13.8,63.6,2
13.6,65.6,2
13.7,66.5,2
13.0,73.0,2
12.7,77.1,2
12.3,79.7,2
12.3,78.8,2
12.5,72.6,2
11.8,76.1,2
11.3,79.9,2
11.1,84.3,2
11.3,83.1,2
11.6,81.0,2
11.7,77.8,2
11.7,78.6,2
11.9,78.2,2
12.0,77.4,2
12.0,78.0,2
12.4,75.3,2
12.5,76.4,2
12.9,73.8,2
13.3,70.7,2
14.3,66.1,2
15.4,63.9,2
15.9,62.7,2
16.4,61.9,2
18.0,58.0,2
19.2,57.9,2
18.1,62.1,2
16.7,67.3,2
15.8,70.7,2
15.4,73.0,2
15.4,73.0,2
15.3,73.6,2
15.1,74.3,2
14.2,78.0,2
14.1,81.4,2
14.4,82.7,2
14.1,84.1,2
14.1,84.8,2
14.0,84.1,2
13.9,85.1,2
13.8,85.5,2
13.8,85.3,2
13.7,84.5,2
13.9,83.9,2
14.6,81.6,2
15.8,74.7,2
16.4,72.1,2
16.8,70.3,2
17.9,66.3,2
18.8,62.7,2
19.0,61.6,2
17.7,68.3,2
16.5,71.7,2
15.7,72.7,2
15.0,74.4,2
14.6,75.2,2
14.0,75.7,2
13.1,78.7,2
12.6,78.4,2
12.8,77.9,2
12.1,79.4,2
11.6,80.1,2
11.4,81.1,2
11.5,81.7,2
12.4,77.1,2
12.3,79.0,2
12.2,83.9,2
12.2,85.1,2
12.4,80.1,2
13.0,77.8,2
11.8,86.5,2
11.9,85.7,2
11.9,88.7,2
12.3,87.0,2
12.7,84.4,2
13.1,81.7,2
13.1,80.4,2
13.4,79.9,2
13.8,76.8,2
14.0,75.9,2
13.5,78.3,2
13.0,79.2,2
12.4,77.5,2
12.3,71.2,2
12.2,69.6,2
12.3,67.5,2
12.7,65.6,2
12.5,65.9,2
12.4,65.4,2
13.2,62.5,2
13.1,62.4,2
12.9,64.7,2
13.0,67.6,2
13.0,69.7,2
12.0,80.0,2
11.4,83.7,2
12.0,80.8,2
11.5,81.0,2
11.3,81.0,2
12.0,78.4,2
12.1,75.5,2
12.5,71.9,2
12.6,70.5,2
12.5,69.1,2
13.1,64.3,2
13.2,62.9,2
13.3,63.6,2
13.3,65.3,2
12.7,72.2,2
11.9,79.6,2
11.8,81.4,2
12.0,80.1,2
12.2,78.8,2
12.7,77.2,2
13.4,74.4,2
15.9,63.4,2
18.5,52.9,1
18.4,52.6,1
19.4,49.8,1
19.5,50.1,1
20.3,47.5,1
18.7,53.0,1
17.3,57.1,1
16.4,59.5,2
15.9,60.8,2
15.5,60.7,2
15.3,63.1,2
16.6,58.5,2
14.6,64.7,2
14.0,66.1,2
13.0,69.4,2
13.1,67.4,2
11.6,73.4,2
12.4,68.3,2
14.1,60.6,2
12.9,64.2,2
11.7,68.9,2
12.5,65.8,2
14.5,61.1,2
16.9,54.2,1
17.4,53.3,1
18.8,49.3,1
19.4,47.1,1
19.2,47.1,1
17.7,51.5,1
16.5,54.6,1
15.4,57.9,2
15.2,58.4,2
14.9,58.4,2
14.5,60.4,2
14.5,62.3,2
14.6,60.6,2
15.0,59.3,2
14.7,60.3,2
15.3,59.1,2
12.3,69.7,2
11.6,72.5,2
12.0,71.9,2
11.8,71.8,2
11.8,71.4,2
12.8,66.3,2
13.2,65.2,2
13.1,66.2,2
14.3,63.3,2
16.0,58.1,2
17.3,53.9,1
17.3,53.3,1
16.7,54.7,1
15.4,58.9,2
15.2,58.0,2
16.2,54.5,1
16.5,55.3,1
14.6,72.1,2
13.9,76.7,2
13.7,79.3,2
13.8,77.3,2
14.2,71.7,2
14.9,65.7,2
14.7,67.3,2
15.2,63.2,2
14.8,65.5,2
14.4,68.5,2
14.5,62.9,2
14.6,56.7,2
15.0,55.3,1
14.5,56.5,1
14.3,55.4,1
14.7,52.5,1
15.5,51.7,1
14.9,53.4,1
15.2,51.0,1
15.2,50.1,1
15.6,46.6,1
14.8,48.4,1
14.6,48.0,1
15.1,45.4,1
14.5,45.4,1
13.4,48.1,1
12.3,48.7,1
12.0,51.2,1
11.9,54.6,1
13.7,45.0,1
14.7,37.5,1
13.8,36.8,1
12.0,37.3,1
11.7,38.1,1
11.5,38.0,1
12.3,35.8,1
12.9,34.5,1
14.4,30.2,0
16.2,26.2,0
17.1,23.5,0
18.1,21.3,0
18.8,20.0,0
18.1,20.8,0
17.6,19.9,0
16.0,20.8,0
14.6,23.7,0
13.7,22.9,0
12.8,21.7,0
12.7,21.3,0
12.8,22.5,0
12.6,23.4,0
12.4,24.0,0
12.5,24.0,0
11.9,32.4,1
11.7,33.8,1
11.5,34.2,1
10.5,37.8,1
7.8,47.4,1
9.3,43.1,1
8.2,46.8,1
10.7,34.2,1
14.4,28.2,0
17.4,23.3,0
17.8,23.6,0
18.3,19.5,0
18.9,18.9,0
18.4,19.7,0
17.8,21.0,0
16.1,23.4,0
14.9,24.9,0
14.6,24.6,0
14.2,26.8,0
13.3,38.7,1
11.2,45.1,1
8.8,52.5,1
8.6,54.3,1
8.1,53.2,1
6.8,57.8,2
6.6,58.1,2
5.4,64.1,2
5.6,61.6,2
4.2,69.0,2
4.8,64.6,2
4.0,69.0,2
4.9,66.3,2
9.4,48.7,1
12.6,39.9,1
14.4,35.3,1
15.1,37.4,1
16.0,35.8,1
17.5,30.8,0
17.2,34.2,1
14.3,45.8,1
12.2,53.9,1
11.6,51.2,1
11.3,50.1,1
10.6,51.2,1
9.6,51.7,1
8.7,55.2,2
7.9,60.2,2
7.9,59.2,2
6.7,64.6,2
6.9,62.3,2
6.4,63.3,2
6.4,64.4,2
5.6,68.9,2
6.4,65.6,2
7.3,61.4,2
9.6,53.7,1
12.0,45.9,1
12.7,44.4,1
13.9,42.8,1
15.0,41.4,1
16.0,38.7,1
16.0,38.6,1
14.1,44.9,1
12.6,55.9,1
11.7,60.8,2
11.5,60.9,2
10.6,64.1,2
10.1,66.2,2
9.0,70.1,2
8.6,70.5,2
7.6,74.3,2
6.9,76.1,2
8.0,70.6,2
6.8,75.4,2
6.6,75.3,2
6.0,77.3,2
6.0,76.7,2
6.9,73.7,2
7.6,70.6,2
9.3,64.2,2
11.7,55.7,1
12.9,54.1,1
14.0,53.0,1
15.1,50.2,1
16.7,47.3,1
16.8,48.4,1
13.3,68.0,2
13.2,72.8,2
12.6,76.5,2
12.6,74.3,2
12.9,72.1,2
13.1,70.5,2
12.4,73.8,2
12.2,74.5,2
11.8,76.3,2
10.8,80.0,2
10.4,77.3,2
10.0,76.2,2
9.4,67.7,2
9.3,71.2,2
12.6,54.0,1
16.1,28.5,0
16.6,19.9,0
15.9,18.2,0
14.3,18.4,0
15.0,16.3,0
14.9,17.1,0
13.2,18.8,0
12.4,19.6,0
11.9,21.3,0
11.1,24.8,0
10.1,29.7,0
10.2,23.8,0
9.4,27.4,0
7.9,39.0,1
7.6,40.6,1
6.4,43.7,1
6.3,44.7,1
3.3,53.5,1
4.8,49.9,1
2.2,60.1,2
2.5,59.3,2
3.2,55.7,2
5.0,48.8,1
5.8,49.8,1
6.0,47.6,1
7.4,44.6,1
5.2,73.1,2
4.8,81.4,2
4.7,82.3,2
4.7,82.8,2
